Month,Date,Voucher No,Voucher Type,Party Name,CV Group,Party Group,Party Location,CITY,Party Order No,Party Order Date,Product Name,DESCRIPTION,Product Group,Category,Product Sub Category,Product Brand,Device Brand,COLOR,Device Model,Billed Qty,Billed Rate,Assessable Value,Landed Rate,Landed Amount,VatCst,Sales Retn Qty,Sales Retn Rate,Sales Retn Amt,Net Amount,GST Tax %,CGST Amt,SGST Amt,IGST Amt,GST Tax Amt,Gross Sale,Net Qty,MRP,Discount,Return Discount,Scheme,Vertical,FY,MOVINGSTATUS,ASM,TYPE,STOCK,MOQ,Docket No,Docket Date,POD,Day,Avg Pur Rate,Godown,Avg Pur Amount
Apr,4-Apr-26,NE/B/00030/26-27,Sales - MH,Cocoblu Retail Limited,Online Stores,Cocoblu,,,1KZLXOVT,4-Apr-26,PRIMUSBLK,USB4 Cable 1.8Mtr,Common Accessories,Cables,Primus,Stuffcool,Common,Black,Universal,200,465.68,93136,,,,,,,93136,18,8382.24,8382.24,0,16764.48,"1,09,900.48",200,2999,,,,Online,2026-2027,,Online,Cable,,,0,4-Apr-26,,2026-04-04,483.395,Bhiwandi1,96679
Apr,4-Apr-26,NE/B/00031/26-27,Sales - MH,Cocoblu Retail Limited,Online Stores,Cocoblu,,,3MH4UEKL,4-Apr-26,WCZENO65WWHT,Zeno 65 Wall Charger Type-C Port With Retractable Type-C Cable 65W + Type-C to C Cable White,Common Accessories,Chargers,Zeno 60W,Stuffcool,Common,White,Universal,150,1626.58,243987,,,,,,,243987,18,21958.83,21958.83,0,43917.66,"2,87,904.66",150,4199,,,,Online,2026-2027,,Online,Wall Charger,,,0,4-Apr-26,,2026-04-04,896.05,Bhiwandi1,134407.5
Apr,4-Apr-26,NE/B/00031/26-27,Sales - MH,Cocoblu Retail Limited,Online Stores,Cocoblu,,,3MH4UEKL,4-Apr-26,WCSFC65WSIL,So Far 3 Port Wall Charger 2 C +1 USB A 65W With AC Cord,Common Accessories,Chargers,So Far 65W Charger,Stuffcool,Common,Silver,Universal,69,1518.1,104748.9,,,,,,,104748.9,18,9427.4,9427.4,0,18854.8,"1,23,603.70",69,3499,,,,Online,2026-2027,,Online,Wall Charger,,,0,4-Apr-26,,2026-04-04,970.45,Bhiwandi1,66961.05
Apr,4-Apr-26,NE/B/00031/26-27,Sales - MH,Cocoblu Retail Limited,Online Stores,Cocoblu,,,3MH4UEKL,4-Apr-26,WCEMP75SIL,Empire 75W Multiplug GAN Charger with World Travel Adapter,Common Accessories,Chargers,Empire,Stuffcool,Common,Silver,Universal,51,2168.95,110616.45,,,,,,,110616.45,18,9955.48,9955.48,0,19910.96,"1,30,527.41",51,4799,,,,Online,2026-2027,,Online,Wall Charger,,,0,4-Apr-26,,2026-04-04,1338.1576,Bhiwandi1,68246.0376
Apr,4-Apr-26,NE/B/00031/26-27,Sales - MH,Cocoblu Retail Limited,Online Stores,Cocoblu,,,3MH4UEKL,4-Apr-26,WCZENO30WWHT,Zeno Wall Charger USB-C port+Type C Cable 30W White,Common Accessories,Chargers,Zeno 30W,Stuffcool,Common,White,Universal,35,1084.2,37947,,,,,,,37947,18,3415.23,3415.23,0,6830.46,"44,777.46",35,2299,,,,Online,2026-2027,,Online,Wall Charger,,,0,4-Apr-26,,2026-04-04,509.28,Bhiwandi1,17824.8
Apr,4-Apr-26,NE/B/00031/26-27,Sales - MH,Cocoblu Retail Limited,Online Stores,Cocoblu,,,3MH4UEKL,4-Apr-26,DUPLOBLK,Duplo 2 In 1 Cable 140W With E-Marker Chip 1.2M,Common Accessories,Cables,2 in 1 Duplo Cable,Stuffcool,Common,Black,Universal,27,698.69,18864.63,,,,,,,18864.63,18,1697.82,1697.82,0,3395.64,"22,260.27",27,1699,,,,Online,2026-2027,,Online,Multi Cable,,,0,4-Apr-26,,2026-04-04,382.475,Bhiwandi1,10326.825
Apr,4-Apr-26,NE/B/00032/26-27,Sales - MH,Cocoblu Retail Limited,Online Stores,Cocoblu,,,3VQ7GBRH,4-Apr-26,PBGIGAMAXGRY,"Giga Max 25,000 mAh QCPD Powerbank With Type C Cable",Common Accessories,Powerbank,Giga Max,Stuffcool,Common,Grey,Universal,120,3284.1,394092,,,,,,,394092,18,35468.28,35468.28,0,70936.56,"4,65,028.56",120,5999,,,,Online,2026-2027,,Online,Laptop Powerbank,,,0,4-Apr-26,,2026-04-04,2145.9899,Online,257518.788
Apr,4-Apr-26,NE/B/00032/26-27,Sales - MH,Cocoblu Retail Limited,Online Stores,Cocoblu,,,3VQ7GBRH,4-Apr-26,PBGIGAGRY,65W- 20000 mAh QCPD Powerbank With Type C Cable,Common Accessories,Powerbank,Giga,Stuffcool,Common,Grey,Universal,200,2474.95,494990,,,,,,,494990,18,44549.1,44549.1,0,89098.2,"5,84,088.20",200,4999,,,,Online,2026-2027,,Online,Laptop Powerbank,,,0,4-Apr-26,,2026-04-04,1607.4452,Bhiwandi1,321489.04
Apr,4-Apr-26,NE/B/00032/26-27,Sales - MH,Cocoblu Retail Limited,Online Stores,Cocoblu,,,3VQ7GBRH,4-Apr-26,PBODINSIL,"Odin 10,000 mAh Magnetic Qi2 Wireless Powerbank With Type C Cable",Common Accessories,Powerbank,ODIN,Stuffcool,Common,Sliver,Universal,200,2382.42,476484,,,,,,,476484,18,42883.56,42883.56,0,85767.12,"5,62,251.12",200,4499,,,,Online,2026-2027,,Online,Magsafe Powerbank,,,0,4-Apr-26,,2026-04-04,1572.6102,Bhiwandi1,314522.04
Apr,4-Apr-26,NE/B/00034/26-27,Sales - MH,Cocoblu Retail Limited,Online Stores,Cocoblu,,,3VQ7GBRH,4-Apr-26,PBCLICK20TNM,20000mAh Magnetic Wireless Powerbank,Common Accessories,Powerbank,Click 20,Stuffcool,Common,Titanium,Universal,200,2075.68,415136,,,,,,,415136,18,37362.24,37362.24,0,74724.48,"4,89,860.48",200,3999,,,,Online,2026-2027,,Online,Magsafe Powerbank,,,.,4-Apr-26,,2026-04-04,909.7331,Bhiwandi1,181946.62
Apr,4-Apr-26,NE/B/00034/26-27,Sales - MH,Cocoblu Retail Limited,Online Stores,Cocoblu,,,3VQ7GBRH,4-Apr-26,PBMAVERICKBLK,"Mini 22.5W- 20,000 mAh QCPD Powerbank With Two Fast Charging Cable
",Common Accessories,Powerbank,"Maverick
","Stuffcool
","Common
","Black
","Universal
",250,1219.73,304932.5,,,,,,,304932.5,18,27443.93,27443.93,0,54887.86,"3,59,820.36",250,0,,,,Online,2026-2027,,Online,QCPD Powerbank,,,.,4-Apr-26,,2026-04-04,1003.7971,Bhiwandi1,250949.275
Apr,4-Apr-26,NE/B/00034/26-27,Sales - MH,Cocoblu Retail Limited,Online Stores,Cocoblu,,,3VQ7GBRH,4-Apr-26,PBCLICK10TNM,10000mAh Magnetic Wireless Powerbank,Common Accessories,Powerbank,Click 10,Stuffcool,Common,Titanium,Universal,100,1185.85,118585,,,,,,,118585,18,10672.65,10672.65,0,21345.3,"1,39,930.30",100,2999,,,,Online,2026-2027,,Online,Magsafe Powerbank,,,.,4-Apr-26,,2026-04-04,749.8312,Bhiwandi1,74983.12
Apr,4-Apr-26,NE/B/00034/26-27,Sales - MH,Cocoblu Retail Limited,Online Stores,Cocoblu,,,3VQ7GBRH,4-Apr-26,PBLUCIDPLUSWHT,10000 mAh Magnetic Wireless Powerbank,Common Accessories,Powerbank,Lucid Plus,Stuffcool,Common,White,Universal,100,1779.07,177907,,,,,,,177907,18,16011.63,16011.63,0,32023.26,"2,09,930.26",100,3999,,,,Online,2026-2027,,Online,Magsafe Powerbank,,,.,4-Apr-26,,2026-04-04,769.3101,Bhiwandi1,76931.01
Apr,4-Apr-26,NE/B/00036/26-27,Sales - MH,Cocoblu Retail Limited,Online Stores,Cocoblu,,,5TXMSOVM,4-Apr-26,WCZENO100WWHT,Zeno 100 3 Port desktop Charger With Retractable Type-C Cable 65W + Type C to C Cable White,Common Accessories,Chargers,Zeno 100W,Stuffcool,Common,White,Universal,100,2168.95,216895,,,,,,,216895,18,19520.55,19520.55,0,39041.1,"2,55,936.10",100,4299,,,,Online,2026-2027,,Online,Wall Charger,,,.,4-Apr-26,,2026-04-04,1540.0503,Bhiwandi1,154005.03
Apr,4-Apr-26,NE/B/00036/26-27,Sales - MH,Cocoblu Retail Limited,Online Stores,Cocoblu,,,5TXMSOVM,4-Apr-26,PBAURAGLD,10000mAh Magnetic Wireless Powerbank,Common Accessories,Powerbank,Aura,Stuffcool,Common,Gold,Universal,100,2194.29,219429,,,,,,,219429,18,19748.61,19748.61,0,39497.22,"2,58,926.22",100,3999,,,,Online,2026-2027,,Online,Magsafe Powerbank,,,.,4-Apr-26,,2026-04-04,911.3589,Bhiwandi1,91135.89
Apr,11-Apr-26,NE/B/00154/26-27,Sales - MH,Cocoblu Retail Limited,Online Stores,Cocoblu,,,1KZLXOVT,11-Apr-26,WCNMDPROSIL,Nomad Pro 140W -Multi Port Fast Charger With World Travel Plugs,Common Accessories,Chargers,Nomad Pro,Stuffcool,Common,Silver,Universal,50,3253.69,162684.5,,,,,,,162684.5,18,14641.61,14641.61,0,29283.22,"1,91,967.72",50,6999,,,,Online,2026-2027,,Online,Wall Charger,,,.,11-Apr-26,,2026-04-11,2298.9246,Bhiwandi1,114946.23
Apr,11-Apr-26,NE/B/00154/26-27,Sales - MH,Cocoblu Retail Limited,Online Stores,Cocoblu,,,1KZLXOVT,11-Apr-26,WCZENO30WWHT,Zeno Wall Charger USB-C port+Type C Cable 30W White,Common Accessories,Chargers,Zeno 30W,Stuffcool,Common,White,Universal,11,1084.2,11926.2,,,,,,,11926.2,18,1073.36,1073.36,0,2146.72,"14,072.92",11,2299,,,,Online,2026-2027,,Online,Wall Charger,,,.,11-Apr-26,,2026-04-11,509.28,Bhiwandi1,5602.08
Apr,11-Apr-26,NE/B/00155/26-27,Sales - MH,Cocoblu Retail Limited,Online Stores,Cocoblu,,,3MH4UEKL,11-Apr-26,PBMAVERICKBLK,"Mini 22.5W- 20,000 mAh QCPD Powerbank With Two Fast Charging Cable
",Common Accessories,Powerbank,"Maverick
","Stuffcool
","Common
","Black
","Universal
",192,1219.73,234188.16,,,,,,,234188.16,18,21076.93,21076.93,0,42153.86,"2,76,342.02",192,0,,,,Online,2026-2027,,Online,QCPD Powerbank,,,.,11-Apr-26,,2026-04-11,1003.7971,Bhiwandi1,192729.0432
Apr,11-Apr-26,NE/B/00155/26-27,Sales - MH,Cocoblu Retail Limited,Online Stores,Cocoblu,,,3MH4UEKL,11-Apr-26,WCNMDPROSIL,Nomad Pro 140W -Multi Port Fast Charger With World Travel Plugs,Common Accessories,Chargers,Nomad Pro,Stuffcool,Common,Silver,Universal,76,3253.69,247280.44,,,,,,,247280.44,18,22255.24,22255.24,0,44510.48,"2,91,790.92",76,6999,,,,Online,2026-2027,,Online,Wall Charger,,,.,11-Apr-26,,2026-04-11,2298.9246,Bhiwandi1,174718.2696
Apr,11-Apr-26,NE/B/00155/26-27,Sales - MH,Cocoblu Retail Limited,Online Stores,Cocoblu,,,3MH4UEKL,11-Apr-26,WCJTPRO70WSIL,JetSet Pro - Four Port World Travel Adaptor Built In 70W Charger,Common Accessories,Chargers,World Travel Charger,Stuffcool,Common,Silver,Universal,2,1789.29,3578.58,,,,,,,3578.58,18,322.07,322.07,0,644.14,"4,222.72",2,4999,,,,Online,2026-2027,,Online,Wall Charger,,,.,11-Apr-26,,2026-04-11,1050.58,Bhiwandi1,2101.16
Apr,11-Apr-26,NE/B/00156/26-27,Sales - MH,Cocoblu Retail Limited,Online Stores,Cocoblu,,,3VQ7GBRH,11-Apr-26,PBGIGAMAXGRY,"Giga Max 25,000 mAh QCPD Powerbank With Type C Cable",Common Accessories,Powerbank,Giga Max,Stuffcool,Common,Grey,Universal,100,3284.1,328410,,,,,,,328410,18,29556.9,29556.9,0,59113.8,"3,87,523.80",100,5999,,,,Online,2026-2027,,Online,Laptop Powerbank,,,.,11-Apr-26,,2026-04-11,2145.9899,Online,214598.99
Apr,11-Apr-26,NE/B/00156/26-27,Sales - MH,Cocoblu Retail Limited,Online Stores,Cocoblu,,,3VQ7GBRH,11-Apr-26,PBGIGAGRY,65W- 20000 mAh QCPD Powerbank With Type C Cable,Common Accessories,Powerbank,Giga,Stuffcool,Common,Grey,Universal,150,2474.95,371242.5,,,,,,,371242.5,18,33411.83,33411.83,0,66823.66,"4,38,066.16",150,4999,,,,Online,2026-2027,,Online,Laptop Powerbank,,,.,11-Apr-26,,2026-04-11,1607.4452,Bhiwandi1,241116.78
Apr,11-Apr-26,NE/B/00156/26-27,Sales - MH,Cocoblu Retail Limited,Online Stores,Cocoblu,,,3VQ7GBRH,11-Apr-26,PBLUCIDPLUSWHT,10000 mAh Magnetic Wireless Powerbank,Common Accessories,Powerbank,Lucid Plus,Stuffcool,Common,White,Universal,100,1779.07,177907,,,,,,,177907,18,16011.63,16011.63,0,32023.26,"2,09,930.26",100,3999,,,,Online,2026-2027,,Online,Magsafe Powerbank,,,.,11-Apr-26,,2026-04-11,769.3101,Bhiwandi1,76931.01
Apr,11-Apr-26,NE/B/00157/26-27,Sales - MH,Cocoblu Retail Limited,Online Stores,Cocoblu,,,5TXMSOVM,11-Apr-26,WCNUMEN65WHT,Numen 65 3 Port Wall Charger 2 Type C-PD + USB A White,Common Accessories,Chargers,Numen 65W,Stuffcool,Common,White,Universal,200,1138.44,227688,,,,,,,227688,18,20491.92,20491.92,0,40983.84,"2,68,671.84",200,2499,,,,Online,2026-2027,,Online,Wall Charger,,,.,11-Apr-26,,2026-04-11,572.5901,Bhiwandi1,114518.02
Apr,11-Apr-26,NE/B/00158/26-27,Sales - MH,Cocoblu Retail Limited,Online Stores,Cocoblu,,,67WP8J9H,11-Apr-26,WCNMDPROSIL,Nomad Pro 140W -Multi Port Fast Charger With World Travel Plugs,Common Accessories,Chargers,Nomad Pro,Stuffcool,Common,Silver,Universal,48,3253.69,156177.12,,,,,,,156177.12,18,14055.94,14055.94,0,28111.88,"1,84,289.00",48,6999,,,,Online,2026-2027,,Online,Wall Charger,,,.,11-Apr-26,,2026-04-11,2298.9246,Bhiwandi1,110348.3808
Apr,11-Apr-26,NE/B/00159/26-27,Sales - MH,Cocoblu Retail Limited,Online Stores,Cocoblu,,,6A53MLRN,11-Apr-26,WCNMDPROSIL,Nomad Pro 140W -Multi Port Fast Charger With World Travel Plugs,Common Accessories,Chargers,Nomad Pro,Stuffcool,Common,Silver,Universal,78,3253.69,253787.82,,,,,,,253787.82,18,22840.9,22840.9,0,45681.8,"2,99,469.62",78,6999,,,,Online,2026-2027,,Online,Wall Charger,,,.,11-Apr-26,,2026-04-11,2298.9246,Bhiwandi1,179316.1188
Apr,11-Apr-26,NE/B/00159/26-27,Sales - MH,Cocoblu Retail Limited,Online Stores,Cocoblu,,,6A53MLRN,11-Apr-26,WCNMDIIWHT,Nomad II -Multi Port Fast Charger With World Travel Plugs,Common Accessories,Chargers,Multi Port Fast Charger With World Travel Plugs,Stuffcool,Common,White,Universal,33,2168.95,71575.35,,,,,,,71575.35,18,6441.78,6441.78,0,12883.56,"84,458.91",33,4999,,,,Online,2026-2027,,Online,Wall Charger,,,.,11-Apr-26,,2026-04-11,1438.4438,Bhiwandi1,47468.6454
Apr,11-Apr-26,NE/B/00159/26-27,Sales - MH,Cocoblu Retail Limited,Online Stores,Cocoblu,,,6A53MLRN,11-Apr-26,WCSFC65WSIL,So Far 3 Port Wall Charger 2 C +1 USB A 65W With AC Cord,Common Accessories,Chargers,So Far 65W Charger,Stuffcool,Common,Silver,Universal,27,1518.1,40988.7,,,,,,,40988.7,18,3688.98,3688.98,0,7377.96,"48,366.66",27,3499,,,,Online,2026-2027,,Online,Wall Charger,,,.,11-Apr-26,,2026-04-11,970.45,Bhiwandi1,26202.15
Apr,11-Apr-26,NE/B/00159/26-27,Sales - MH,Cocoblu Retail Limited,Online Stores,Cocoblu,,,6A53MLRN,11-Apr-26,WCEMP75SIL,Empire 75W Multiplug GAN Charger with World Travel Adapter,Common Accessories,Chargers,Empire,Stuffcool,Common,Silver,Universal,26,2168.95,56392.7,,,,,,,56392.7,18,5075.34,5075.34,0,10150.68,"66,543.38",26,4799,,,,Online,2026-2027,,Online,Wall Charger,,,.,11-Apr-26,,2026-04-11,1338.1576,Bhiwandi1,34792.0976
Apr,11-Apr-26,NE/B/00159/26-27,Sales - MH,Cocoblu Retail Limited,Online Stores,Cocoblu,,,6A53MLRN,11-Apr-26,WCJTPRO70WSIL,JetSet Pro - Four Port World Travel Adaptor Built In 70W Charger,Common Accessories,Chargers,World Travel Charger,Stuffcool,Common,Silver,Universal,3,1789.29,5367.87,,,,,,,5367.87,18,483.11,483.11,0,966.22,"6,334.09",3,4999,,,,Online,2026-2027,,Online,Wall Charger,,,.,11-Apr-26,,2026-04-11,1050.58,Bhiwandi1,3151.74
Apr,18-Apr-26,NE/B/00287/26-27,Sales - MH,Cocoblu Retail Limited,Online Stores,Cocoblu,,,37I5VBIY,18-Apr-26,PBMAVERICKBLK,"Mini 22.5W- 20,000 mAh QCPD Powerbank With Two Fast Charging Cable
",Common Accessories,Powerbank,"Maverick
","Stuffcool
","Common
","Black
","Universal
",466,1219.73,568394.18,,,,,,,568394.18,18,51155.48,51155.48,0,102310.96,"6,70,705.14",466,0,,,,Online,2026-2027,,Online,QCPD Powerbank,,,.,18-Apr-26,,2026-04-18,1003.7971,Bhiwandi1,467769.4486
Apr,18-Apr-26,NE/B/00289/26-27,Sales - MH,Cocoblu Retail Limited,Online Stores,Cocoblu,,,3VQ7GBRH,18-Apr-26,PBMAJORULTRASIL,65W- 20000 mAh QCPD Powerbank,Common Accessories,Powerbank,"65W- 20000 mAh QCPD Powerbank
","Stuffcool
","Common
","Silver
","Universal
",600,1601.1,960660,,,,,,,960660,18,86459.4,86459.4,0,172918.8,"11,33,578.80",600,4999,,,,Online,2026-2027,,Online,Laptop Powerbank,,,.,18-Apr-26,,2026-04-18,1354.195,Bhiwandi1,812517
Apr,18-Apr-26,NE/B/00289/26-27,Sales - MH,Cocoblu Retail Limited,Online Stores,Cocoblu,,,3VQ7GBRH,18-Apr-26,QUADPROBLK,Quad 4 In 1 Cable 60W -- 1.5 Mtr,Common Accessories,Cables,Quad Pro Cable,Stuffcool,Common,Black,Universal,150,355.42,53313,,,,,,,53313,18,4798.17,4798.17,0,9596.34,"62,909.34",150,2999,,,,Online,2026-2027,,Online,Multi Cable,,,.,18-Apr-26,,2026-04-18,281.9374,Bhiwandi1,42290.61
Apr,18-Apr-26,NE/B/00289/26-27,Sales - MH,Cocoblu Retail Limited,Online Stores,Cocoblu,,,3VQ7GBRH,18-Apr-26,PRIMUSBLK,USB4 Cable 1.8Mtr,Common Accessories,Cables,Primus,Stuffcool,Common,Black,Universal,120,465.68,55881.6,,,,,,,55881.6,18,5029.34,5029.34,0,10058.68,"65,940.28",120,2999,,,,Online,2026-2027,,Online,Cable,,,.,18-Apr-26,,2026-04-18,483.395,Bhiwandi1,58007.4
Apr,18-Apr-26,NE/B/00290/26-27,Sales - MH,Cocoblu Retail Limited,Online Stores,Cocoblu,,,3VQ7GBRH,18-Apr-26,PBGIGAGRY,65W- 20000 mAh QCPD Powerbank With Type C Cable,Common Accessories,Powerbank,Giga,Stuffcool,Common,Grey,Universal,252,2474.95,623687.4,,,,,,,623687.4,18,56131.87,56131.87,0,112263.74,"7,35,951.14",252,4999,,,,Online,2026-2027,,Online,Laptop Powerbank,,,.,18-Apr-26,,2026-04-18,1607.4452,Bhiwandi1,405076.1904
Apr,18-Apr-26,NE/B/00290/26-27,Sales - MH,Cocoblu Retail Limited,Online Stores,Cocoblu,,,3VQ7GBRH,18-Apr-26,PBMAVERICKBLK,"Mini 22.5W- 20,000 mAh QCPD Powerbank With Two Fast Charging Cable
",Common Accessories,Powerbank,"Maverick
","Stuffcool
","Common
","Black
","Universal
",190,1219.73,231748.7,,,,,,,231748.7,18,20857.38,20857.38,0,41714.76,"2,73,463.46",190,0,,,,Online,2026-2027,,Online,QCPD Powerbank,,,.,18-Apr-26,,2026-04-18,1003.7971,Bhiwandi1,190721.449
Apr,18-Apr-26,NE/B/00290/26-27,Sales - MH,Cocoblu Retail Limited,Online Stores,Cocoblu,,,3VQ7GBRH,18-Apr-26,PBROAM20WHT,"Roam Plus  20,000 mAh QCPD powerbank",Common Accessories,Powerbank,Roam Plus,Stuffcool,Common,White,Universal,70,1067.2,74704,,,,,,,74704,18,6723.36,6723.36,0,13446.72,"88,150.72",70,3499,,,,Online,2026-2027,,Online,QCPD Powerbank,,,.,18-Apr-26,,2026-04-18,790.49,Stock Hold,55334.3
Apr,18-Apr-26,NE/B/00290/26-27,Sales - MH,Cocoblu Retail Limited,Online Stores,Cocoblu,,,3VQ7GBRH,18-Apr-26,WCNMDPROSIL,Nomad Pro 140W -Multi Port Fast Charger With World Travel Plugs,Common Accessories,Chargers,Nomad Pro,Stuffcool,Common,Silver,Universal,36,3253.69,117132.84,,,,,,,117132.84,18,10541.96,10541.96,0,21083.92,"1,38,216.76",36,6999,,,,Online,2026-2027,,Online,Wall Charger,,,.,18-Apr-26,,2026-04-18,2298.9246,Bhiwandi1,82761.2856
Apr,18-Apr-26,NE/B/00291/26-27,Sales - MH,Cocoblu Retail Limited,Online Stores,Cocoblu,,,3MH4UEKL,18-Apr-26,PBCLICK10TNM,10000mAh Magnetic Wireless Powerbank,Common Accessories,Powerbank,Click 10,Stuffcool,Common,Titanium,Universal,202,1185.85,239541.7,,,,,,,239541.7,18,21558.75,21558.75,0,43117.5,"2,82,659.20",202,2999,,,,Online,2026-2027,,Online,Magsafe Powerbank,,,.,18-Apr-26,,2026-04-18,749.8312,Bhiwandi1,151465.9024
Apr,18-Apr-26,NE/B/00291/26-27,Sales - MH,Cocoblu Retail Limited,Online Stores,Cocoblu,,,3MH4UEKL,18-Apr-26,PBROAM20WHT,"Roam Plus  20,000 mAh QCPD powerbank",Common Accessories,Powerbank,Roam Plus,Stuffcool,Common,White,Universal,120,1067.2,128064,,,,,,,128064,18,11525.76,11525.76,0,23051.52,"1,51,115.52",120,3499,,,,Online,2026-2027,,Online,QCPD Powerbank,,,.,18-Apr-26,,2026-04-18,790.49,Stock Hold,94858.8
Apr,23-Apr-26,NE/B/00355/26-27,Sales - MH,Cocoblu Retail Limited,Online Stores,Cocoblu,,,3VQ7GBRH,23-Apr-26,PBGIGAMAXGRY,"Giga Max 25,000 mAh QCPD Powerbank With Type C Cable",Common Accessories,Powerbank,Giga Max,Stuffcool,Common,Grey,Universal,600,3284.1,1970460,,,,,,,1970460,18,177341.4,177341.4,0,354682.8,"23,25,142.80",600,5999,,,,Online,2026-2027,,Online,Laptop Powerbank,,,.,23-Apr-26,,2026-04-23,2145.9899,Bhiwandi1,1287593.94
Apr,23-Apr-26,NE/B/00356/26-27,Sales - MH,Cocoblu Retail Limited,Online Stores,Cocoblu,,,3VQ7GBRH,23-Apr-26,PBMAJORULTRASIL,65W- 20000 mAh QCPD Powerbank,Common Accessories,Powerbank,"65W- 20000 mAh QCPD Powerbank
","Stuffcool
","Common
","Silver
","Universal
",526,1601.1,842178.6,,,,,,,842178.6,18,75796.07,75796.07,0,151592.14,"9,93,770.74",526,4999,,,,Online,2026-2027,,Online,Laptop Powerbank,,,.,23-Apr-26,,2026-04-23,1354.195,Online,712306.57
Apr,23-Apr-26,NE/B/00356/26-27,Sales - MH,Cocoblu Retail Limited,Online Stores,Cocoblu,,,3VQ7GBRH,23-Apr-26,PBCLICK20TNM,20000mAh Magnetic Wireless Powerbank,Common Accessories,Powerbank,Click 20,Stuffcool,Common,Titanium,Universal,100,2075.68,207568,,,,,,,207568,18,18681.12,18681.12,0,37362.24,"2,44,930.24",100,3999,,,,Online,2026-2027,,Online,Magsafe Powerbank,,,.,23-Apr-26,,2026-04-23,909.7331,Bhiwandi1,90973.31
Apr,23-Apr-26,NE/B/00357/26-27,Sales - MH,Cocoblu Retail Limited,Online Stores,Cocoblu,,,461I3GQA,23-Apr-26,PBMAVERICKBLK,"Mini 22.5W- 20,000 mAh QCPD Powerbank With Two Fast Charging Cable
",Common Accessories,Powerbank,"Maverick
","Stuffcool
","Common
","Black
","Universal
",346,1219.73,422026.58,,,,,,,422026.58,18,37982.39,37982.39,0,75964.78,"4,97,991.36",346,0,,,,Online,2026-2027,,Online,QCPD Powerbank,,,.,23-Apr-26,,2026-04-23,1003.7971,Online,347313.7966
Apr,23-Apr-26,NE/B/00357/26-27,Sales - MH,Cocoblu Retail Limited,Online Stores,Cocoblu,,,461I3GQA,23-Apr-26,WCEMP75SIL,Empire 75W Multiplug GAN Charger with World Travel Adapter,Common Accessories,Chargers,Empire,Stuffcool,Common,Silver,Universal,100,2168.95,216895,,,,,,,216895,18,19520.55,19520.55,0,39041.1,"2,55,936.10",100,4799,,,,Online,2026-2027,,Online,Wall Charger,,,.,23-Apr-26,,2026-04-23,1338.1576,Bhiwandi1,133815.76
Apr,23-Apr-26,NE/B/00357/26-27,Sales - MH,Cocoblu Retail Limited,Online Stores,Cocoblu,,,461I3GQA,23-Apr-26,WCZENO100WWHT,Zeno 100 3 Port desktop Charger With Retractable Type-C Cable 65W + Type C to C Cable White,Common Accessories,Chargers,Zeno 100W,Stuffcool,Common,White,Universal,71,2168.95,153995.45,,,,,,,153995.45,18,13859.59,13859.59,0,27719.18,"1,81,714.63",71,4299,,,,Online,2026-2027,,Online,Wall Charger,,,.,23-Apr-26,,2026-04-23,1540.0503,Bhiwandi1,109343.5713
Apr,23-Apr-26,NE/B/00357/26-27,Sales - MH,Cocoblu Retail Limited,Online Stores,Cocoblu,,,461I3GQA,23-Apr-26,WCNMDIIWHT,Nomad II -Multi Port Fast Charger With World Travel Plugs,Common Accessories,Chargers,Multi Port Fast Charger With World Travel Plugs,Stuffcool,Common,White,Universal,52,2168.95,112785.4,,,,,,,112785.4,18,10150.69,10150.69,0,20301.38,"1,33,086.78",52,4999,,,,Online,2026-2027,,Online,Wall Charger,,,.,23-Apr-26,,2026-04-23,1438.4438,Bhiwandi1,74799.0776
Apr,23-Apr-26,NE/B/00358/26-27,Sales - MH,Cocoblu Retail Limited,Online Stores,Cocoblu,,,37I5VBIY,23-Apr-26,WCSFC65WSIL,So Far 3 Port Wall Charger 2 C +1 USB A 65W With AC Cord,Common Accessories,Chargers,So Far 65W Charger,Stuffcool,Common,Silver,Universal,70,1518.1,106267,,,,,,,106267,18,9564.03,9564.03,0,19128.06,"1,25,395.06",70,3499,,,,Online,2026-2027,,Online,Wall Charger,,,.,23-Apr-26,,2026-04-23,970.45,Bhiwandi1,67931.5
Apr,29-Apr-26,NE/B/00477/26-27,Sales - MH,Cocoblu Retail Limited,Online Stores,Cocoblu,,,1IDX6ZDB,29-Apr-26,PBCLICK10TNM,10000mAh Magnetic Wireless Powerbank,Common Accessories,Powerbank,Click 10,Stuffcool,Common,Titanium,Universal,247,1185.85,292904.95,,,,,,,292904.95,18,26361.45,26361.45,0,52722.9,"3,45,627.85",247,2999,,,,Online,2026-2027,,Online,Magsafe Powerbank,,,.,30-Apr-26,,2026-04-29,749.8312,Bhiwandi1,185208.3064
Apr,29-Apr-26,NE/B/00477/26-27,Sales - MH,Cocoblu Retail Limited,Online Stores,Cocoblu,,,1IDX6ZDB,29-Apr-26,PBCLICK20TNM,20000mAh Magnetic Wireless Powerbank,Common Accessories,Powerbank,Click 20,Stuffcool,Common,Titanium,Universal,100,2075.68,207568,,,,,,,207568,18,18681.12,18681.12,0,37362.24,"2,44,930.24",100,3999,,,,Online,2026-2027,,Online,Magsafe Powerbank,,,.,30-Apr-26,,2026-04-29,909.7331,Bhiwandi1,90973.31
Apr,29-Apr-26,NE/B/00477/26-27,Sales - MH,Cocoblu Retail Limited,Online Stores,Cocoblu,,,1IDX6ZDB,29-Apr-26,PBLUCIDPLUSWHT,10000 mAh Magnetic Wireless Powerbank,Common Accessories,Powerbank,Lucid Plus,Stuffcool,Common,White,Universal,122,1779.07,217046.54,,,,,,,217046.54,18,19534.19,19534.19,0,39068.38,"2,56,114.92",122,3999,,,,Online,2026-2027,,Online,Magsafe Powerbank,,,.,30-Apr-26,,2026-04-29,769.3101,Bhiwandi1,93855.8322
Apr,29-Apr-26,NE/B/00477/26-27,Sales - MH,Cocoblu Retail Limited,Online Stores,Cocoblu,,,1IDX6ZDB,29-Apr-26,WCNMDPROSIL,Nomad Pro 140W -Multi Port Fast Charger With World Travel Plugs,Common Accessories,Chargers,Nomad Pro,Stuffcool,Common,Silver,Universal,80,3253.69,260295.2,,,,,,,260295.2,18,23426.57,23426.57,0,46853.14,"3,07,148.34",80,6999,,,,Online,2026-2027,,Online,Wall Charger,,,.,30-Apr-26,,2026-04-29,2298.9246,Bhiwandi1,183913.968
Apr,29-Apr-26,NE/B/00477/26-27,Sales - MH,Cocoblu Retail Limited,Online Stores,Cocoblu,,,1IDX6ZDB,29-Apr-26,WCZENO65WWHT,Zeno 65 Wall Charger Type-C Port With Retractable Type-C Cable 65W + Type-C to C Cable White,Common Accessories,Chargers,Zeno 60W,Stuffcool,Common,White,Universal,80,1626.58,130126.4,,,,,,,130126.4,18,11711.38,11711.38,0,23422.76,"1,53,549.16",80,4199,,,,Online,2026-2027,,Online,Wall Charger,,,.,30-Apr-26,,2026-04-29,896.05,Bhiwandi1,71684
Apr,29-Apr-26,NE/B/00477/26-27,Sales - MH,Cocoblu Retail Limited,Online Stores,Cocoblu,,,1IDX6ZDB,29-Apr-26,WCNUMEN65WHT,Numen 65 3 Port Wall Charger 2 Type C-PD + USB A White,Common Accessories,Chargers,Numen 65W,Stuffcool,Common,White,Universal,71,1138.44,80829.24,,,,,,,80829.24,18,7274.63,7274.63,0,14549.26,"95,378.50",71,2499,,,,Online,2026-2027,,Online,Wall Charger,,,.,30-Apr-26,,2026-04-29,572.5901,Bhiwandi1,40653.8971
Apr,29-Apr-26,NE/B/00477/26-27,Sales - MH,Cocoblu Retail Limited,Online Stores,Cocoblu,,,1IDX6ZDB,29-Apr-26,WCNMDIIWHT,Nomad II -Multi Port Fast Charger With World Travel Plugs,Common Accessories,Chargers,Multi Port Fast Charger With World Travel Plugs,Stuffcool,Common,White,Universal,61,2168.95,132305.95,,,,,,,132305.95,18,11907.54,11907.54,0,23815.08,"1,56,121.03",61,4999,,,,Online,2026-2027,,Online,Wall Charger,,,.,30-Apr-26,,2026-04-29,1438.4438,Bhiwandi1,87745.0718
Apr,29-Apr-26,NE/B/00477/26-27,Sales - MH,Cocoblu Retail Limited,Online Stores,Cocoblu,,,1IDX6ZDB,29-Apr-26,WCSFC65WSIL,So Far 3 Port Wall Charger 2 C +1 USB A 65W With AC Cord,Common Accessories,Chargers,So Far 65W Charger,Stuffcool,Common,Silver,Universal,54,1518.1,81977.4,,,,,,,81977.4,18,7377.97,7377.97,0,14755.94,"96,733.34",54,3499,,,,Online,2026-2027,,Online,Wall Charger,,,.,30-Apr-26,,2026-04-29,970.45,Bhiwandi1,52404.3
Apr,29-Apr-26,NE/B/00479/26-27,Sales - MH,Cocoblu Retail Limited,Online Stores,Cocoblu,,,37I5VBIY,29-Apr-26,WCZENO30WWHT,Zeno Wall Charger USB-C port+Type C Cable 30W White,Common Accessories,Chargers,Zeno 30W,Stuffcool,Common,White,Universal,94,1084.2,101914.8,,,,,,,101914.8,18,9172.33,9172.33,0,18344.66,"1,20,259.46",94,2299,,,,Online,2026-2027,,Online,Wall Charger,,,.,30-Apr-26,,2026-04-29,509.28,Bhiwandi1,47872.32
Apr,29-Apr-26,NE/B/00479/26-27,Sales - MH,Cocoblu Retail Limited,Online Stores,Cocoblu,,,37I5VBIY,29-Apr-26,WCJTPRO70WSIL,JetSet Pro - Four Port World Travel Adaptor Built In 70W Charger,Common Accessories,Chargers,World Travel Charger,Stuffcool,Common,Silver,Universal,53,1789.29,94832.37,,,,,,,94832.37,18,8534.91,8534.91,0,17069.82,"1,11,902.19",53,4999,,,,Online,2026-2027,,Online,Wall Charger,,,.,30-Apr-26,,2026-04-29,1050.58,Bhiwandi1,55680.74
Apr,29-Apr-26,NE/B/00481/26-27,Sales - MH,Cocoblu Retail Limited,Online Stores,Cocoblu,,,461I3GQA,29-Apr-26,WCNMDPROSIL,Nomad Pro 140W -Multi Port Fast Charger With World Travel Plugs,Common Accessories,Chargers,Nomad Pro,Stuffcool,Common,Silver,Universal,178,3253.69,579156.82,,,,,,,579156.82,18,52124.11,52124.11,0,104248.22,"6,83,405.04",178,6999,,,,Online,2026-2027,,Online,Wall Charger,,,.,30-Apr-26,,2026-04-29,2298.9246,Bhiwandi1,409208.5788
Apr,29-Apr-26,NE/B/00481/26-27,Sales - MH,Cocoblu Retail Limited,Online Stores,Cocoblu,,,461I3GQA,29-Apr-26,PBROAM10WHT,"Roam 10,000 mAh QCPD powerbank",Common Accessories,Powerbank,Roam,Stuffcool,Common,White,Universal,110,889.24,97816.4,,,,,,,97816.4,18,8803.48,8803.48,0,17606.96,"1,15,423.36",110,2999,,,,Online,2026-2027,,Online,QCPD Powerbank,,,.,30-Apr-26,,2026-04-29,477.03,Stock Hold,52473.3
Apr,29-Apr-26,NE/B/00481/26-27,Sales - MH,Cocoblu Retail Limited,Online Stores,Cocoblu,,,461I3GQA,29-Apr-26,WCJTPRO70WSIL,JetSet Pro - Four Port World Travel Adaptor Built In 70W Charger,Common Accessories,Chargers,World Travel Charger,Stuffcool,Common,Silver,Universal,79,1789.29,141353.91,,,,,,,141353.91,18,12721.85,12721.85,0,25443.7,"1,66,797.61",79,4999,,,,Online,2026-2027,,Online,Wall Charger,,,.,30-Apr-26,,2026-04-29,1050.58,Bhiwandi1,82995.82
Apr,29-Apr-26,NE/B/00481/26-27,Sales - MH,Cocoblu Retail Limited,Online Stores,Cocoblu,,,461I3GQA,29-Apr-26,WCZENO65WWHT,Zeno 65 Wall Charger Type-C Port With Retractable Type-C Cable 65W + Type-C to C Cable White,Common Accessories,Chargers,Zeno 60W,Stuffcool,Common,White,Universal,76,1626.58,123620.08,,,,,,,123620.08,18,11125.81,11125.81,0,22251.62,"1,45,871.70",76,4199,,,,Online,2026-2027,,Online,Wall Charger,,,.,30-Apr-26,,2026-04-29,896.05,Bhiwandi1,68099.8
May,7-May-26,NE/B/00621/26-27,Sales - MH,Cocoblu Retail Limited,Online Stores,Cocoblu,,,1IDX6ZDB,7-May-26,PBGIGAMAXGRY,"Giga Max 25,000 mAh QCPD Powerbank With Type C Cable",Common Accessories,Powerbank,Giga Max,Stuffcool,Common,Grey,Universal,477,3284.1,1566515.7,,,,,,,1566515.7,18,140986.41,140986.41,0,281972.82,"18,48,488.52",477,5999,,,,Online,2026-2027,,Online,Laptop Powerbank,,,.,7-May-26,,2026-05-07,2145.9899,Bhiwandi1,1023637.182
May,7-May-26,NE/B/00622/26-27,Sales - MH,Cocoblu Retail Limited,Online Stores,Cocoblu,,,1IDX6ZDB,7-May-26,WCEMP75SIL,Empire 75W Multiplug GAN Charger with World Travel Adapter,Common Accessories,Chargers,Empire,Stuffcool,Common,Silver,Universal,53,2168.95,114954.35,,,,,,,114954.35,18,10345.89,10345.89,0,20691.78,"1,35,646.13",53,4799,,,,Online,2026-2027,,Online,Wall Charger,,,.,7-May-26,,2026-05-07,1338.1576,Bhiwandi1,70922.3528
May,7-May-26,NE/B/00622/26-27,Sales - MH,Cocoblu Retail Limited,Online Stores,Cocoblu,,,1IDX6ZDB,7-May-26,WCJTPRO70WSIL,JetSet Pro - Four Port World Travel Adaptor Built In 70W Charger,Common Accessories,Chargers,World Travel Charger,Stuffcool,Common,Silver,Universal,49,1789.29,87675.21,,,,,,,87675.21,18,7890.77,7890.77,0,15781.54,"1,03,456.75",49,4999,,,,Online,2026-2027,,Online,Wall Charger,,,.,7-May-26,,2026-05-07,1050.58,Bhiwandi1,51478.42
May,7-May-26,NE/B/00622/26-27,Sales - MH,Cocoblu Retail Limited,Online Stores,Cocoblu,,,1IDX6ZDB,7-May-26,DUPLOBLK,Duplo 2 In 1 Cable 140W With E-Marker Chip 1.2M,Common Accessories,Cables,2 in 1 Duplo Cable,Stuffcool,Common,Black,Universal,40,698.69,27947.6,,,,,,,27947.6,18,2515.28,2515.28,0,5030.56,"32,978.16",40,1699,,,,Online,2026-2027,,Online,Multi Cable,,,.,7-May-26,,2026-05-07,382.475,Bhiwandi1,15299
May,7-May-26,NE/B/00624/26-27,Sales - MH,Cocoblu Retail Limited,Online Stores,Cocoblu,,,2F43G7VY,7-May-26,PBMAJORULTRASIL,65W- 20000 mAh QCPD Powerbank,Common Accessories,Powerbank,"65W- 20000 mAh QCPD Powerbank
","Stuffcool
","Common
","Silver
","Universal
",200,1601.1,320220,,,,,,,320220,18,28819.8,28819.8,0,57639.6,"3,77,859.60",200,4999,,,,Online,2026-2027,,Online,Laptop Powerbank,,,.,7-May-26,,2026-05-07,1354.195,Online,270839
May,7-May-26,NE/B/00624/26-27,Sales - MH,Cocoblu Retail Limited,Online Stores,Cocoblu,,,2F43G7VY,7-May-26,WCNUMEN65WHT,Numen 65 3 Port Wall Charger 2 Type C-PD + USB A White,Common Accessories,Chargers,Numen 65W,Stuffcool,Common,White,Universal,150,1138.44,170766,,,,,,,170766,18,15368.94,15368.94,0,30737.88,"2,01,503.88",150,2499,,,,Online,2026-2027,,Online,Wall Charger,,,.,7-May-26,,2026-05-07,572.5901,Bhiwandi1,85888.515
May,7-May-26,NE/B/00624/26-27,Sales - MH,Cocoblu Retail Limited,Online Stores,Cocoblu,,,2F43G7VY,7-May-26,WCNMDPROSIL,Nomad Pro 140W -Multi Port Fast Charger With World Travel Plugs,Common Accessories,Chargers,Nomad Pro,Stuffcool,Common,Silver,Universal,100,3253.69,325369,,,,,,,325369,18,29283.21,29283.21,0,58566.42,"3,83,935.42",100,6999,,,,Online,2026-2027,,Online,Wall Charger,,,.,7-May-26,,2026-05-07,2298.9246,Bhiwandi1,229892.46
May,7-May-26,NE/B/00624/26-27,Sales - MH,Cocoblu Retail Limited,Online Stores,Cocoblu,,,2F43G7VY,7-May-26,PBCLICK20TNM,20000mAh Magnetic Wireless Powerbank,Common Accessories,Powerbank,Click 20,Stuffcool,Common,Titanium,Universal,100,2075.68,207568,,,,,,,207568,18,18681.12,18681.12,0,37362.24,"2,44,930.24",100,3999,,,,Online,2026-2027,,Online,Magsafe Powerbank,,,.,7-May-26,,2026-05-07,909.7331,Bhiwandi1,90973.31
May,7-May-26,NE/B/00624/26-27,Sales - MH,Cocoblu Retail Limited,Online Stores,Cocoblu,,,2F43G7VY,7-May-26,WCZENO65WWHT,Zeno 65 Wall Charger Type-C Port With Retractable Type-C Cable 65W + Type-C to C Cable White,Common Accessories,Chargers,Zeno 60W,Stuffcool,Common,White,Universal,100,1626.58,162658,,,,,,,162658,18,14639.22,14639.22,0,29278.44,"1,91,936.44",100,4199,,,,Online,2026-2027,,Online,Wall Charger,,,.,7-May-26,,2026-05-07,896.05,Bhiwandi1,89605
May,7-May-26,NE/B/00624/26-27,Sales - MH,Cocoblu Retail Limited,Online Stores,Cocoblu,,,2F43G7VY,7-May-26,WCNMDIIWHT,Nomad II -Multi Port Fast Charger With World Travel Plugs,Common Accessories,Chargers,Multi Port Fast Charger With World Travel Plugs,Stuffcool,Common,White,Universal,73,2168.95,158333.35,,,,,,,158333.35,18,14250,14250,0,28500,"1,86,833.35",73,4999,,,,Online,2026-2027,,Online,Wall Charger,,,.,7-May-26,,2026-05-07,1438.4438,Bhiwandi1,105006.3974
May,7-May-26,NE/B/00625/26-27,Sales - MH,Cocoblu Retail Limited,Online Stores,Cocoblu,,,2F43G7VY,7-May-26,PBGIGAGRY,65W- 20000 mAh QCPD Powerbank With Type C Cable,Common Accessories,Powerbank,Giga,Stuffcool,Common,Grey,Universal,468,2474.95,1158276.6,,,,,,,1158276.6,18,104244.89,104244.89,0,208489.78,"13,66,766.38",468,4999,,,,Online,2026-2027,,Online,Laptop Powerbank,,,.,7-May-26,,2026-05-07,1607.4452,Bhiwandi1,752284.3536
May,7-May-26,NE/B/00626/26-27,Sales - MH,Cocoblu Retail Limited,Online Stores,Cocoblu,,,461I3GQA,7-May-26,WCZENO30WWHT,Zeno Wall Charger USB-C port+Type C Cable 30W White,Common Accessories,Chargers,Zeno 30W,Stuffcool,Common,White,Universal,34,1084.2,36862.8,,,,,,,36862.8,18,3317.65,3317.65,0,6635.3,"43,498.10",34,2299,,,,Online,2026-2027,,Online,Wall Charger,,,.,7-May-26,,2026-05-07,509.28,Bhiwandi1,17315.52
May,7-May-26,NE/B/00627/26-27,Sales - MH,Cocoblu Retail Limited,Online Stores,Cocoblu,,,2A555GZJ,7-May-26,WCEMP67WSIL,Empire 67W Multiplug GAN Charger with World Travel Adapter,Common Accessories,Chargers,Empire,Stuffcool,Common,Silver,Universal,200,1843.5,368700,,,,,,,368700,18,33183,33183,0,66366,"4,35,066.00",200,4499,,,,Online,2026-2027,,Online,Wall Charger,,,.,7-May-26,,2026-05-07,1210,Bhiwandi1,242000
May,9-May-26,NE/B/00660/26-27,Sales - MH,Cocoblu Retail Limited,Online Stores,Cocoblu,,,6A53MLRN,9-May-26,PRIMUSBLK,USB4 Cable 1.8Mtr,Common Accessories,Cables,Primus,Stuffcool,Common,Black,Universal,428,465.68,199311.04,,,,,,,199311.04,18,17937.99,17937.99,0,35875.98,"2,35,187.02",428,2999,,,,Online,2026-2027,,Online,Cable,,,.,9-May-26,,2026-05-09,483.395,Bhiwandi1,206893.06
May,9-May-26,NE/B/00661/26-27,Sales - MH,Cocoblu Retail Limited,Online Stores,Cocoblu,,,37I5VBIY,9-May-26,PRIMUSBLK,USB4 Cable 1.8Mtr,Common Accessories,Cables,Primus,Stuffcool,Common,Black,Universal,366,465.68,170438.88,,,,,,,170438.88,18,15339.5,15339.5,0,30679,"2,01,117.88",366,2999,,,,Online,2026-2027,,Online,Cable,,,.,9-May-26,,2026-05-09,483.395,Bhiwandi1,176922.57
May,9-May-26,NE/B/00662/26-27,Sales - MH,Cocoblu Retail Limited,Online Stores,Cocoblu,,,1IDX6ZDB,9-May-26,PRIMUSBLK,USB4 Cable 1.8Mtr,Common Accessories,Cables,Primus,Stuffcool,Common,Black,Universal,339,465.68,157865.52,,,,,,,157865.52,18,14207.9,14207.9,0,28415.8,"1,86,281.32",339,2999,,,,Online,2026-2027,,Online,Cable,,,.,9-May-26,,2026-05-09,483.395,Bhiwandi1,163870.905
May,16-May-26,NE/B/00793/26-27,Sales - MH,Cocoblu Retail Limited,Online Stores,Cocoblu,,,2F43G7VY,16-May-26,PBMAJORULTRASIL,65W- 20000 mAh QCPD Powerbank,Common Accessories,Powerbank,"65W- 20000 mAh QCPD Powerbank
","Stuffcool
","Common
","Silver
","Universal
",250,1601.1,400275,,,,,,,400275,18,36024.75,36024.75,0,72049.5,"4,72,324.50",250,4999,,,,Online,2026-2027,,Online,Laptop Powerbank,,,.,16-May-26,,2026-05-16,1354.195,Online,338548.75
May,16-May-26,NE/B/00794/26-27,Sales - MH,Cocoblu Retail Limited,Online Stores,Cocoblu,,,6V6C9ESH,16-May-26,PBGIGAGRY,65W- 20000 mAh QCPD Powerbank With Type C Cable,Common Accessories,Powerbank,Giga,Stuffcool,Common,Grey,Universal,200,2474.95,494990,,,,,,,494990,18,44549.1,44549.1,0,89098.2,"5,84,088.20",200,4999,,,,Online,2026-2027,,Online,Laptop Powerbank,,,.,16-May-26,,2026-05-16,1607.4452,Bhiwandi1,321489.04
May,16-May-26,NE/B/00795/26-27,Sales - MH,Cocoblu Retail Limited,Online Stores,Cocoblu,,,1IDX6ZDB,16-May-26,PBODINSIL,"Odin 10,000 mAh Magnetic Qi2 Wireless Powerbank With Type C Cable",Common Accessories,Powerbank,ODIN,Stuffcool,Common,Sliver,Universal,300,2382.42,714726,,,,,,,714726,18,64325.34,64325.34,0,128650.68,"8,43,376.68",300,4499,,,,Online,2026-2027,,Online,Magsafe Powerbank,,,.,16-May-26,,2026-05-16,1572.6102,Bhiwandi1,471783.06
May,16-May-26,NE/B/00796/26-27,Sales - MH,Cocoblu Retail Limited,Online Stores,Cocoblu,,,6V6C9ESH,16-May-26,PBROAM10WHT,"Roam 10,000 mAh QCPD powerbank",Common Accessories,Powerbank,Roam,Stuffcool,Common,White,Universal,23,889.24,20452.52,,,,,,,20452.52,18,1840.73,1840.73,0,3681.46,"24,133.98",23,2999,,,,Online,2026-2027,,Online,QCPD Powerbank,,,.,16-May-26,,2026-05-16,477.03,Stock Hold,10971.69
May,16-May-26,NE/B/00797/26-27,Sales - MH,Cocoblu Retail Limited,Online Stores,Cocoblu,,,2F43G7VY,16-May-26,PBROAM10WHT,"Roam 10,000 mAh QCPD powerbank",Common Accessories,Powerbank,Roam,Stuffcool,Common,White,Universal,12,889.24,10670.88,,,,,,,10670.88,18,960.38,960.38,0,1920.76,"12,591.64",12,2999,,,,Online,2026-2027,,Online,QCPD Powerbank,,,.,16-May-26,,2026-05-16,477.03,Stock Hold,5724.36
May,16-May-26,NE/B/00798/26-27,Sales - MH,Cocoblu Retail Limited,Online Stores,Cocoblu,,,5KFO78NX,16-May-26,PRIMUS1BLK,Primus Type C to C Cable 240W with E-Marker Chip 1M Black,Common Accessories,Cables,Primus1,Stuffcool,Common,Black,Universal,350,605.3,211855,,,,,,,211855,18,19066.95,19066.95,0,38133.9,"2,49,988.90",350,2699,,,,Online,2026-2027,,Online,Cable,,,.,16-May-26,,2026-05-16,379.93,Bhiwandi1,132975.5
May,23-May-26,NE/B/00947/26-27,Sales - MH,Cocoblu Retail Limited,Online Stores,Cocoblu,,,1IDX6ZDB,23-May-26,PBODINSIL,"Odin 10,000 mAh Magnetic Qi2 Wireless Powerbank With Type C Cable",Common Accessories,Powerbank,ODIN,Stuffcool,Common,Sliver,Universal,160,2382.42,381187.2,,,,,,,381187.2,18,34306.85,34306.85,0,68613.7,"4,49,800.90",160,4499,,,,Online,2026-2027,,Online,Magsafe Powerbank,,,By Tempo,23-May-26,,2026-05-23,1572.6102,Bhiwandi1,251617.632
May,23-May-26,NE/B/00948/26-27,Sales - MH,Cocoblu Retail Limited,Online Stores,Cocoblu,,,2F43G7VY,23-May-26,PBMAJORULTRASIL,65W- 20000 mAh QCPD Powerbank,Common Accessories,Powerbank,"65W- 20000 mAh QCPD Powerbank
","Stuffcool
","Common
","Silver
","Universal
",451,1601.1,722096.1,,,,,,,722096.1,18,64988.65,64988.65,0,129977.3,"8,52,073.40",451,4999,,,,Online,2026-2027,,Online,Laptop Powerbank,,,By Tempo,23-May-26,,2026-05-23,1354.195,Online,610741.945
May,23-May-26,NE/B/00948/26-27,Sales - MH,Cocoblu Retail Limited,Online Stores,Cocoblu,,,2F43G7VY,23-May-26,PBODINSIL,"Odin 10,000 mAh Magnetic Qi2 Wireless Powerbank With Type C Cable",Common Accessories,Powerbank,ODIN,Stuffcool,Common,Sliver,Universal,179,2382.42,426453.18,,,,,,,426453.18,18,38380.79,38380.79,0,76761.58,"5,03,214.76",179,4499,,,,Online,2026-2027,,Online,Magsafe Powerbank,,,By Tempo,23-May-26,,2026-05-23,1572.6102,Bhiwandi1,281497.2258
May,23-May-26,NE/B/00949/26-27,Sales - MH,Cocoblu Retail Limited,Online Stores,Cocoblu,,,6V6C9ESH,23-May-26,PBMAVERICKBLK,"Mini 22.5W- 20,000 mAh QCPD Powerbank With Two Fast Charging Cable
",Common Accessories,Powerbank,"Maverick
","Stuffcool
","Common
","Black
","Universal
",200,1219.73,243946,,,,,,,243946,18,21955.14,21955.14,0,43910.28,"2,87,856.28",200,0,,,,Online,2026-2027,,Online,QCPD Powerbank,,,By Tempo,23-May-26,,2026-05-23,1003.7971,Online,200759.42
May,23-May-26,NE/B/00949/26-27,Sales - MH,Cocoblu Retail Limited,Online Stores,Cocoblu,,,6V6C9ESH,23-May-26,PBCLICK10TNM,10000mAh Magnetic Wireless Powerbank,Common Accessories,Powerbank,Click 10,Stuffcool,Common,Titanium,Universal,418,1185.85,495685.3,,,,,,,495685.3,18,44611.68,44611.68,0,89223.36,"5,84,908.66",418,2999,,,,Online,2026-2027,,Online,Magsafe Powerbank,,,By Tempo,23-May-26,,2026-05-23,749.8312,Bhiwandi1,313429.4416
May,30-May-26,NE/B/01106/26-27,Sales - MH,Cocoblu Retail Limited,Online Stores,Cocoblu,,,1IDX6ZDB,30-May-26,QUADPROBLK,Quad 4 In 1 Cable 60W -- 1.5 Mtr,Common Accessories,Cables,Quad Pro Cable,Stuffcool,Common,Black,Universal,150,355.42,53313,,,,,,,53313,18,4798.17,4798.17,0,9596.34,"62,909.34",150,2999,,,,Online,2026-2027,,Online,Multi Cable,,,.,1-Jun-26,,2026-05-30,281.9374,Bhiwandi1,42290.61
May,30-May-26,NE/B/01107/26-27,Sales - MH,Cocoblu Retail Limited,Online Stores,Cocoblu,,,2F43G7VY,30-May-26,PBGIGAMAXGRY,"Giga Max 25,000 mAh QCPD Powerbank With Type C Cable",Common Accessories,Powerbank,Giga Max,Stuffcool,Common,Grey,Universal,120,3284.1,394092,,,,,,,394092,18,35468.28,35468.28,0,70936.56,"4,65,028.56",120,5999,,,,Online,2026-2027,,Online,Laptop Powerbank,,,.,1-Jun-26,,2026-05-30,2145.9899,Online,257518.788
May,30-May-26,NE/B/01107/26-27,Sales - MH,Cocoblu Retail Limited,Online Stores,Cocoblu,,,2F43G7VY,30-May-26,PBLUCIDPLUSWHT,10000 mAh Magnetic Wireless Powerbank,Common Accessories,Powerbank,Lucid Plus,Stuffcool,Common,White,Universal,147,1779.07,261523.29,,,,,,,261523.29,18,23537.1,23537.1,0,47074.2,"3,08,597.49",147,3999,,,,Online,2026-2027,,Online,Magsafe Powerbank,,,.,1-Jun-26,,2026-05-30,769.3101,Bhiwandi1,113088.5847
May,30-May-26,NE/B/01107/26-27,Sales - MH,Cocoblu Retail Limited,Online Stores,Cocoblu,,,2F43G7VY,30-May-26,ULTIMUS128BLK,Ultimus Universal Fast Car Charger 128W,Common Accessories,Chargers,Ultimus 128W,Stuffcool,Common,Black,Universal,21,1518.1,31880.1,,,,,,,31880.1,18,2869.21,2869.21,0,5738.42,"37,618.52",21,3499,,,,Online,2026-2027,,Online,Car Charger,,,.,1-Jun-26,,2026-05-30,801,Bhiwandi1,16821
May,30-May-26,NE/B/01108/26-27,Sales - MH,Cocoblu Retail Limited,Online Stores,Cocoblu,,,2UPWLF3F,30-May-26,PBMAJORULTRASIL,65W- 20000 mAh QCPD Powerbank,Common Accessories,Powerbank,"65W- 20000 mAh QCPD Powerbank
","Stuffcool
","Common
","Silver
","Universal
",410,1601.1,656451,,,,,,,656451,18,59080.59,59080.59,0,118161.18,"7,74,612.18",410,4999,,,,Online,2026-2027,,Online,Laptop Powerbank,,,.,1-Jun-26,,2026-05-30,1354.195,Online,555219.95
May,30-May-26,NE/B/01108/26-27,Sales - MH,Cocoblu Retail Limited,Online Stores,Cocoblu,,,2UPWLF3F,30-May-26,WCZENO30WWHT,Zeno Wall Charger USB-C port+Type C Cable 30W White,Common Accessories,Chargers,Zeno 30W,Stuffcool,Common,White,Universal,100,1084.2,108420,,,,,,,108420,18,9757.8,9757.8,0,19515.6,"1,27,935.60",100,2299,,,,Online,2026-2027,,Online,Wall Charger,,,.,1-Jun-26,,2026-05-30,509.28,Bhiwandi1,50928
May,30-May-26,NE/B/01108/26-27,Sales - MH,Cocoblu Retail Limited,Online Stores,Cocoblu,,,2UPWLF3F,30-May-26,PBCLICK20TNM,20000mAh Magnetic Wireless Powerbank,Common Accessories,Powerbank,Click 20,Stuffcool,Common,Titanium,Universal,128,2075.68,265687.04,,,,,,,265687.04,18,23911.83,23911.83,0,47823.66,"3,13,510.70",128,3999,,,,Online,2026-2027,,Online,Magsafe Powerbank,,,.,1-Jun-26,,2026-05-30,909.7331,Online,116445.8368
May,30-May-26,NE/B/01108/26-27,Sales - MH,Cocoblu Retail Limited,Online Stores,Cocoblu,,,2UPWLF3F,30-May-26,QUADPROMAXBLK,Quad  Pro Max 4 In 1 Cable 240W With E-Marker Chip 1.5M,Common Accessories,Cables,Quad Pro Max,Stuffcool,Common,Black,"Universal
",90,508.05,45724.5,,,,,,,45724.5,18,4115.21,4115.21,0,8230.42,"53,954.92",90,3999,,,,Online,2026-2027,,Online,Multi Cable,,,.,1-Jun-26,,2026-05-30,326.9067,Bhiwandi1,29421.603
May,30-May-26,NE/B/01108/26-27,Sales - MH,Cocoblu Retail Limited,Online Stores,Cocoblu,,,2UPWLF3F,30-May-26,WCEMP75SIL,Empire 75W Multiplug GAN Charger with World Travel Adapter,Common Accessories,Chargers,Empire,Stuffcool,Common,Silver,Universal,80,2168.95,173516,,,,,,,173516,18,15616.44,15616.44,0,31232.88,"2,04,748.88",80,4799,,,,Online,2026-2027,,Online,Wall Charger,,,.,1-Jun-26,,2026-05-30,1338.1576,Bhiwandi1,107052.608
May,30-May-26,NE/B/01108/26-27,Sales - MH,Cocoblu Retail Limited,Online Stores,Cocoblu,,,2UPWLF3F,30-May-26,WRLREVELBLK,Revel Magnetic Wireless Charger MOP 2699/-,Common Accessories,Chargers,Magnetic Wireless Charger,Stuffcool,Common,Black,Universal,6,762.2,4573.2,,,,,,,4573.2,18,411.59,411.59,0,823.18,"5,396.38",6,2999,,,,Online,2026-2027,,Online,Wireless Charger,,,.,1-Jun-26,,2026-05-30,883.6,Bhiwandi1,5301.6
Jun,13-Jun-26,NE/B/01330/26-27,Sales - MH,Cocoblu Retail Limited,Online Stores,Cocoblu,,,2UPWLF3F,13-Jun-26,PBMAVERICKBLK,"Mini 22.5W- 20,000 mAh QCPD Powerbank With Two Fast Charging Cable
",Common Accessories,Powerbank,"Maverick
","Stuffcool
","Common
","Black
","Universal
",424,1219.73,517165.52,,,,,,,517165.52,18,46544.9,46544.9,0,93089.8,"6,10,255.32",424,0,,,,Online,2026-2027,,Online,QCPD Powerbank,,,.,13-Jun-26,,2026-06-13,1003.7971,Online,425609.9704
Jun,13-Jun-26,NE/B/01330/26-27,Sales - MH,Cocoblu Retail Limited,Online Stores,Cocoblu,,,2UPWLF3F,13-Jun-26,PBROAM10WHT,"Roam 10,000 mAh QCPD powerbank",Common Accessories,Powerbank,Roam,Stuffcool,Common,White,Universal,41,889.24,36458.84,,,,,,,36458.84,18,3281.3,3281.3,0,6562.6,"43,021.44",41,2999,,,,Online,2026-2027,,Online,QCPD Powerbank,,,.,13-Jun-26,,2026-06-13,477.03,Online,19558.23
Jun,13-Jun-26,NE/B/01330/26-27,Sales - MH,Cocoblu Retail Limited,Online Stores,Cocoblu,,,2UPWLF3F,13-Jun-26,PBNEMOSIL,Nemo 10000 mAh Magnetic Wireless Powerbank With Type C Cable,Common Accessories,Powerbank,Nemo,Stuffcool,Common,Silver,Universal,20,1524.81,30496.2,,,,,,,30496.2,18,2744.66,2744.66,0,5489.32,"35,985.52",20,2999,,,,Online,2026-2027,,Online,Magsafe Powerbank,,,.,13-Jun-26,,2026-06-13,800.28,Online,16005.6
Jun,13-Jun-26,NE/B/01331/26-27,Sales - MH,Cocoblu Retail Limited,Online Stores,Cocoblu,,,4KKCZLNP,13-Jun-26,PBMAJORULTRASIL,65W- 20000 mAh QCPD Powerbank,Common Accessories,Powerbank,"65W- 20000 mAh QCPD Powerbank
","Stuffcool
","Common
","Silver
","Universal
",200,1601.1,320220,,,,,,,320220,18,28819.8,28819.8,0,57639.6,"3,77,859.60",200,4999,,,,Online,2026-2027,,Online,Laptop Powerbank,,,.,13-Jun-26,,2026-06-13,1354.195,Online,270839
Jun,13-Jun-26,NE/B/01331/26-27,Sales - MH,Cocoblu Retail Limited,Online Stores,Cocoblu,,,4KKCZLNP,13-Jun-26,WCJTPRO70WSIL,JetSet Pro - Four Port World Travel Adaptor Built In 70W Charger,Common Accessories,Chargers,World Travel Charger,Stuffcool,Common,Silver,Universal,100,1789.29,178929,,,,,,,178929,18,16103.61,16103.61,0,32207.22,"2,11,136.22",100,4999,,,,Online,2026-2027,,Online,Wall Charger,,,.,13-Jun-26,,2026-06-13,1050.58,Bhiwandi1,105058
Jun,13-Jun-26,NE/B/01331/26-27,Sales - MH,Cocoblu Retail Limited,Online Stores,Cocoblu,,,4KKCZLNP,13-Jun-26,PBNEMOSIL,Nemo 10000 mAh Magnetic Wireless Powerbank With Type C Cable,Common Accessories,Powerbank,Nemo,Stuffcool,Common,Silver,Universal,46,1524.81,70141.26,,,,,,,70141.26,18,6312.71,6312.71,0,12625.42,"82,766.68",46,2999,,,,Online,2026-2027,,Online,Magsafe Powerbank,,,.,13-Jun-26,,2026-06-13,800.28,Bhiwandi1,36812.88
Jun,13-Jun-26,NE/B/01332/26-27,Sales - MH,Cocoblu Retail Limited,Online Stores,Cocoblu,,,4VEYOZMX,13-Jun-26,QUADPROMAXBLK,Quad  Pro Max 4 In 1 Cable 240W With E-Marker Chip 1.5M,Common Accessories,Cables,Quad Pro Max,Stuffcool,Common,Black,"Universal
",200,508.05,101610,,,,,,,101610,18,9144.9,9144.9,0,18289.8,"1,19,899.80",200,3999,,,,Online,2026-2027,,Online,Multi Cable,,,.,13-Jun-26,,2026-06-13,326.9067,Online,65381.34
Jun,13-Jun-26,NE/B/01332/26-27,Sales - MH,Cocoblu Retail Limited,Online Stores,Cocoblu,,,4VEYOZMX,13-Jun-26,QUADPROBLK,Quad 4 In 1 Cable 60W -- 1.5 Mtr,Common Accessories,Cables,Quad Pro Cable,Stuffcool,Common,Black,Universal,200,355.42,71084,,,,,,,71084,18,6397.56,6397.56,0,12795.12,"83,879.12",200,2999,,,,Online,2026-2027,,Online,Multi Cable,,,.,13-Jun-26,,2026-06-13,281.9374,Bhiwandi1,56387.48
Jun,13-Jun-26,NE/B/01333/26-27,Sales - MH,Cocoblu Retail Limited,Online Stores,Cocoblu,,,4KKCZLNP,13-Jun-26,PBMAVERICKBLK,"Mini 22.5W- 20,000 mAh QCPD Powerbank With Two Fast Charging Cable
",Common Accessories,Powerbank,"Maverick
","Stuffcool
","Common
","Black
","Universal
",302,1219.73,368358.46,,,,,,,368358.46,18,33152.26,33152.26,0,66304.52,"4,34,662.98",302,0,,,,Online,2026-2027,,Online,QCPD Powerbank,,,.,13-Jun-26,,2026-06-13,1003.7971,Online,303146.7242
Jun,13-Jun-26,NE/B/01335/26-27,Sales - MH,Cocoblu Retail Limited,Online Stores,Cocoblu,,,686I2ZFQ,13-Jun-26,PBNIDOGRY,"Nido 10,000 mAh Magnetic Qi2.2 Wireless Powerbank With Type C Cable",Common Accessories,Powerbank,Nido,Stuffcool,Common,Grey,1 Powerbank,300,3092.6,927780,,,,,,,927780,18,83500.2,83500.2,0,167000.4,"10,94,780.40",300,5999,,,,Online,2026-2027,,Online,Magsafe Powerbank,,,.,13-Jun-26,,2026-06-13,1859.75,Bhiwandi1,557925
Jun,13-Jun-26,NE/B/01335/26-27,Sales - MH,Cocoblu Retail Limited,Online Stores,Cocoblu,,,686I2ZFQ,13-Jun-26,HKNUMEN45CCCWHT,Numen 45 Single Port C PD Wall Charger with AVS with 100W C to C Cable,Common Accessories,Chargers,Numen 45 C to C Kit,Stuffcool,Common,White,Universal,180,921.49,165868.2,,,,,,,165868.2,18,14928.14,14928.14,0,29856.28,"1,95,724.48",180,1999,,,,Online,2026-2027,,Online,Home Kit,,,.,13-Jun-26,,2026-06-13,514.8358,Bhiwandi1,92670.444
Jun,13-Jun-26,NE/B/01335/26-27,Sales - MH,Cocoblu Retail Limited,Online Stores,Cocoblu,,,686I2ZFQ,13-Jun-26,PBAURASIL,10000mAh Magnetic Wireless Powerbank,Common Accessories,Powerbank,Aura,Stuffcool,Common,Silver,Universal,100,2194.29,219429,,,,,,,219429,18,19748.61,19748.61,0,39497.22,"2,58,926.22",100,3999,,,,Online,2026-2027,,Online,Magsafe Powerbank,,,.,13-Jun-26,,2026-06-13,1117.32,Bhiwandi1,111732
Jun,23-Jun-26,NE/B/01563/26-27,Sales - MH,Cocoblu Retail Limited,Online Stores,Cocoblu,,,1R54FXPP,23-Jun-26,PBMAVERICKBLK,"Mini 22.5W- 20,000 mAh QCPD Powerbank With Two Fast Charging Cable
",Common Accessories,Powerbank,"Maverick
","Stuffcool
","Common
","Black
","Universal
",600,1219.73,731838,,,,,,,731838,18,65865.42,65865.42,0,131730.84,"8,63,568.84",600,0,,,,Online,2026-2027,,Online,QCPD Powerbank,,,.,23-Jun-26,,2026-06-23,1003.7971,Online,602278.26
Jun,23-Jun-26,NE/B/01563/26-27,Sales - MH,Cocoblu Retail Limited,Online Stores,Cocoblu,,,1R54FXPP,23-Jun-26,PBCLICK20TNM,20000mAh Magnetic Wireless Powerbank,Common Accessories,Powerbank,Click 20,Stuffcool,Common,Titanium,Universal,127,2075.68,263611.36,,,,,,,263611.36,18,23725.02,23725.02,0,47450.04,"3,11,061.40",127,3999,,,,Online,2026-2027,,Online,Magsafe Powerbank,,,.,23-Jun-26,,2026-06-23,909.7331,Bhiwandi1,115536.1037
Jun,23-Jun-26,NE/B/01563/26-27,Sales - MH,Cocoblu Retail Limited,Online Stores,Cocoblu,,,1R54FXPP,23-Jun-26,PRIMUS1BLK,Primus Type C to C Cable 240W with E-Marker Chip 1M Black,Common Accessories,Cables,Primus1,Stuffcool,Common,Black,Universal,281,605.3,170089.3,,,,,,,170089.3,18,15308.04,15308.04,0,30616.08,"2,00,705.38",281,2699,,,,Online,2026-2027,,Online,Cable,,,.,23-Jun-26,,2026-06-23,379.93,Bhiwandi1,106760.33
Jun,23-Jun-26,NE/B/01563/26-27,Sales - MH,Cocoblu Retail Limited,Online Stores,Cocoblu,,,1R54FXPP,23-Jun-26,QUADPROBLK,Quad 4 In 1 Cable 60W -- 1.5 Mtr,Common Accessories,Cables,Quad Pro Cable,Stuffcool,Common,Black,Universal,240,355.42,85300.8,,,,,,,85300.8,18,7677.07,7677.07,0,15354.14,"1,00,654.94",240,2999,,,,Online,2026-2027,,Online,Multi Cable,,,.,23-Jun-26,,2026-06-23,281.9374,Bhiwandi1,67664.976
Jun,23-Jun-26,NE/B/01563/26-27,Sales - MH,Cocoblu Retail Limited,Online Stores,Cocoblu,,,1R54FXPP,23-Jun-26,PBROAM20WHT,"Roam Plus  20,000 mAh QCPD powerbank",Common Accessories,Powerbank,Roam Plus,Stuffcool,Common,White,Universal,2,1067.2,2134.4,,,,,,,2134.4,18,192.1,192.1,0,384.2,"2,518.60",2,3499,,,,Online,2026-2027,,Online,QCPD Powerbank,,,.,23-Jun-26,,2026-06-23,790.49,Bhiwandi1,1580.98
Jun,23-Jun-26,NE/B/01564/26-27,Sales - MH,Cocoblu Retail Limited,Online Stores,Cocoblu,,,2GM3DGQL,23-Jun-26,WRLREVELBLK,Revel Magnetic Wireless Charger MOP 2699/-,Common Accessories,Chargers,Magnetic Wireless Charger,Stuffcool,Common,Black,Universal,7,762.2,5335.4,,,,,,,5335.4,18,480.19,480.19,0,960.38,"6,295.78",7,2999,,,,Online,2026-2027,,Online,Wireless Charger,,,.,23-Jun-26,,2026-06-23,883.6,Online,6185.2
Jun,23-Jun-26,NE/B/01565/26-27,Sales - MH,Cocoblu Retail Limited,Online Stores,Cocoblu,,,2UPWLF3F,23-Jun-26,PBLUCIDPLUSWHT,10000 mAh Magnetic Wireless Powerbank,Common Accessories,Powerbank,Lucid Plus,Stuffcool,Common,White,Universal,96,1779.07,170790.72,,,,,,,170790.72,18,15371.16,15371.16,0,30742.32,"2,01,533.04",96,3999,,,,Online,2026-2027,,Online,Magsafe Powerbank,,,.,23-Jun-26,,2026-06-23,769.3101,Bhiwandi1,73853.7696
Jun,23-Jun-26,NE/B/01565/26-27,Sales - MH,Cocoblu Retail Limited,Online Stores,Cocoblu,,,2UPWLF3F,23-Jun-26,PBROAM10WHT,"Roam 10,000 mAh QCPD powerbank",Common Accessories,Powerbank,Roam,Stuffcool,Common,White,Universal,11,889.24,9781.64,,,,,,,9781.64,18,880.35,880.35,0,1760.7,"11,542.34",11,2999,,,,Online,2026-2027,,Online,QCPD Powerbank,,,.,23-Jun-26,,2026-06-23,477.03,Online,5247.33
Jun,23-Jun-26,NE/B/01565/26-27,Sales - MH,Cocoblu Retail Limited,Online Stores,Cocoblu,,,2UPWLF3F,23-Jun-26,WRLREVELBLK,Revel Magnetic Wireless Charger MOP 2699/-,Common Accessories,Chargers,Magnetic Wireless Charger,Stuffcool,Common,Black,Universal,4,762.2,3048.8,,,,,,,3048.8,18,274.39,274.39,0,548.78,"3,597.58",4,2999,,,,Online,2026-2027,,Online,Wireless Charger,,,.,23-Jun-26,,2026-06-23,883.6,Bhiwandi1,3534.4
Jun,23-Jun-26,NE/B/01566/26-27,Sales - MH,Cocoblu Retail Limited,Online Stores,Cocoblu,,,4KKCZLNP,23-Jun-26,PRIMUSBLK,USB4 Cable 1.8Mtr,Common Accessories,Cables,Primus,Stuffcool,Common,Black,Universal,445,465.68,207227.6,,,,,,,207227.6,18,18650.48,18650.48,0,37300.96,"2,44,528.56",445,2999,,,,Online,2026-2027,,Online,Cable,,,.,23-Jun-26,,2026-06-23,483.395,Bhiwandi1,215110.775
Jun,23-Jun-26,NE/B/01566/26-27,Sales - MH,Cocoblu Retail Limited,Online Stores,Cocoblu,,,4KKCZLNP,23-Jun-26,WCEMP75SIL,Empire 75W Multiplug GAN Charger with World Travel Adapter,Common Accessories,Chargers,Empire,Stuffcool,Common,Silver,Universal,91,2168.95,197374.45,,,,,,,197374.45,18,17763.7,17763.7,0,35527.4,"2,32,901.85",91,4799,,,,Online,2026-2027,,Online,Wall Charger,,,.,23-Jun-26,,2026-06-23,1338.1576,Bhiwandi1,121772.3416
Jun,23-Jun-26,NE/B/01566/26-27,Sales - MH,Cocoblu Retail Limited,Online Stores,Cocoblu,,,4KKCZLNP,23-Jun-26,PBCLICK10TNM,10000mAh Magnetic Wireless Powerbank,Common Accessories,Powerbank,Click 10,Stuffcool,Common,Titanium,Universal,129,1185.85,152974.65,,,,,,,152974.65,18,13767.72,13767.72,0,27535.44,"1,80,510.09",129,2999,,,,Online,2026-2027,,Online,Magsafe Powerbank,,,.,23-Jun-26,,2026-06-23,749.8312,Bhiwandi1,96728.2248
Jun,23-Jun-26,NE/B/01567/26-27,Sales - MH,Cocoblu Retail Limited,Online Stores,Cocoblu,,,4VEYOZMX,23-Jun-26,WCNMDPROSIL,Nomad Pro 140W -Multi Port Fast Charger With World Travel Plugs,Common Accessories,Chargers,Nomad Pro,Stuffcool,Common,Silver,Universal,108,3253.69,351398.52,,,,,,,351398.52,18,31625.87,31625.87,0,63251.74,"4,14,650.26",108,6999,,,,Online,2026-2027,,Online,Wall Charger,,,.,23-Jun-26,,2026-06-23,2298.9246,Bhiwandi1,248283.8568
Jun,23-Jun-26,NE/B/01567/26-27,Sales - MH,Cocoblu Retail Limited,Online Stores,Cocoblu,,,4VEYOZMX,23-Jun-26,QUADPROMAXBLK,Quad  Pro Max 4 In 1 Cable 240W With E-Marker Chip 1.5M,Common Accessories,Cables,Quad Pro Max,Stuffcool,Common,Black,"Universal
",276,508.05,140221.8,,,,,,,140221.8,18,12619.96,12619.96,0,25239.92,"1,65,461.72",276,3999,,,,Online,2026-2027,,Online,Multi Cable,,,.,23-Jun-26,,2026-06-23,326.9067,Bhiwandi1,90226.2492
Jun,26-Jun-26,NE/B/01646/26-27,Sales - MH,Cocoblu Retail Limited,Online Stores,Cocoblu,,,461X7TNU,26-Jun-26,HKNVS25CCORG,Novus Kit Single Port Type C Wall Charger 25W with Type C To C Cable Orange,Common Accessories,Chargers,Novus 25W Power Kit,Stuffcool,Common,Orange,Universal,150,650.31,97546.5,,,,,,,97546.5,18,8779.19,8779.19,0,17558.38,"1,15,104.88",150,1799,,,,Online,2026-2027,,Online,Home Kit,,,.,26-Jun-26,,2026-06-26,272.5465,Bhiwandi1,40881.975
Jun,26-Jun-26,NE/B/01646/26-27,Sales - MH,Cocoblu Retail Limited,Online Stores,Cocoblu,,,461X7TNU,26-Jun-26,HKNVS25CCBLU,Novus Kit Single Port Type C Wall Charger 25W with Type C To C Cable Blue,Common Accessories,Chargers,Novus 25W Power Kit,Stuffcool,Common,Blue,Universal,150,650.31,97546.5,,,,,,,97546.5,18,8779.19,8779.19,0,17558.38,"1,15,104.88",150,1799,,,,Online,2026-2027,,Online,Home Kit,,,.,26-Jun-26,,2026-06-26,272.33,Bhiwandi1,40849.5
Jun,26-Jun-26,NE/B/01646/26-27,Sales - MH,Cocoblu Retail Limited,Online Stores,Cocoblu,,,461X7TNU,26-Jun-26,WRLX23PROBLK,Qmag X23PRO 25W Mag Car Wireless Charger With 45W Car Charger and C to C Cable,Common Accessories,Chargers,Qmag,Stuffcool,Common,Black,Universal,150,2711.32,406698,,,,,,,406698,18,36602.82,36602.82,0,73205.64,"4,79,903.64",150,5499,,,,Online,2026-2027,,Online,Wireless Charger,,,.,26-Jun-26,,2026-06-26,1549.5,Bhiwandi1,232425
Jun,26-Jun-26,NE/B/01646/26-27,Sales - MH,Cocoblu Retail Limited,Online Stores,Cocoblu,,,461X7TNU,26-Jun-26,WCNUMEN45PROWHT,Numen 45 Pro Dual Port C+C PD Wall Charger with AVS,Common Accessories,Chargers,Numen 45 Pro,Stuffcool,Common,White,Universal,150,867.25,130087.5,,,,,,,130087.5,18,11707.88,11707.88,0,23415.76,"1,53,503.26",150,1999,,,,Online,2026-2027,,Online,Wall Charger,,,.,26-Jun-26,,2026-06-26,542.8955,Bhiwandi1,81434.325
Jun,29-Jun-26,NE/B/01726/26-27,Sales - MH,Cocoblu Retail Limited,Online Stores,Cocoblu,,,1R54FXPP,29-Jun-26,PBCLICK20TNM,20000mAh Magnetic Wireless Powerbank,Common Accessories,Powerbank,Click 20,Stuffcool,Common,Titanium,Universal,100,2075.68,207568,,,,,,,207568,18,18681.12,18681.12,0,37362.24,"2,44,930.24",100,3999,,,,Online,2026-2027,,Online,Magsafe Powerbank,,,0,29-Jun-26,,2026-06-29,909.7331,Bhiwandi1,90973.31
Jun,29-Jun-26,NE/B/01727/26-27,Sales - MH,Cocoblu Retail Limited,Online Stores,Cocoblu,,,2DJMP9CW,29-Jun-26,WCZENO30WWHT,Zeno Wall Charger USB-C port+Type C Cable 30W White,Common Accessories,Chargers,Zeno 30W,Stuffcool,Common,White,Universal,182,1084.42,197364.44,,,,,,,197364.44,18,17762.8,17762.8,0,35525.6,"2,32,890.04",182,2299,,,,Online,2026-2027,,Online,Wall Charger,,,0,29-Jun-26,,2026-06-29,509.28,Bhiwandi1,92688.96
Jun,29-Jun-26,NE/B/01727/26-27,Sales - MH,Cocoblu Retail Limited,Online Stores,Cocoblu,,,2DJMP9CW,29-Jun-26,PBLUCIDPLUSWHT,10000 mAh Magnetic Wireless Powerbank,Common Accessories,Powerbank,Lucid Plus,Stuffcool,Common,White,Universal,153,1779.07,272197.71,,,,,,,272197.71,18,24497.79,24497.79,0,48995.58,"3,21,193.29",153,3999,,,,Online,2026-2027,,Online,Magsafe Powerbank,,,0,29-Jun-26,,2026-06-29,769.3101,Bhiwandi1,117704.4453
Jun,29-Jun-26,NE/B/01728/26-27,Sales - MH,Cocoblu Retail Limited,Online Stores,Cocoblu,,,4KKCZLNP,29-Jun-26,PBCLICK10TNM,10000mAh Magnetic Wireless Powerbank,Common Accessories,Powerbank,Click 10,Stuffcool,Common,Titanium,Universal,120,1185.85,142302,,,,,,,142302,18,12807.18,12807.18,0,25614.36,"1,67,916.36",120,2999,,,,Online,2026-2027,,Online,Magsafe Powerbank,,,0,29-Jun-26,,2026-06-29,749.8312,Bhiwandi1,89979.744
Jun,29-Jun-26,NE/B/01728/26-27,Sales - MH,Cocoblu Retail Limited,Online Stores,Cocoblu,,,4KKCZLNP,29-Jun-26,WCEMP75SIL,Empire 75W Multiplug GAN Charger with World Travel Adapter,Common Accessories,Chargers,Empire,Stuffcool,Common,Silver,Universal,64,2168.95,138812.8,,,,,,,138812.8,18,12493.15,12493.15,0,24986.3,"1,63,799.10",64,4799,,,,Online,2026-2027,,Online,Wall Charger,,,0,29-Jun-26,,2026-06-29,1338.1576,Bhiwandi1,85642.0864
Jun,29-Jun-26,NE/B/01729/26-27,Sales - MH,Cocoblu Retail Limited,Online Stores,Cocoblu,,,5E6Y8C4B,29-Jun-26,WCLUMOWHT,Lumo 4 in 1 Lamp and Magnetic Wireless Charger 15W,Common Accessories,Chargers,Lumo,Stuffcool,Common,White,Universal,150,2874.03,431104.5,,,,,,,431104.5,18,38799.41,38799.41,0,77598.82,"5,08,703.32",150,5999,,,,Online,2026-2027,,Online,Wireless Charger,,,0,29-Jun-26,,2026-06-29,1565.2946,Online,234794.19
Jun,29-Jun-26,NE/B/01729/26-27,Sales - MH,Cocoblu Retail Limited,Online Stores,Cocoblu,,,5E6Y8C4B,29-Jun-26,WCNVS25CWHT,Novus 25W Type C Fast Charger,Common Accessories,Chargers,Novus 25W C,Stuffcool,Common,White,Universal,120,433.36,52003.2,,,,,,,52003.2,18,4680.29,4680.29,0,9360.58,"61,363.78",120,1399,,,,Online,2026-2027,,Online,Wall Charger,,,0,29-Jun-26,,2026-06-29,221.7498,Bhiwandi1,26609.976
Jun,29-Jun-26,NE/B/01729/26-27,Sales - MH,Cocoblu Retail Limited,Online Stores,Cocoblu,,,5E6Y8C4B,29-Jun-26,HKNVS25CCWHT,Novus Kit Single Port Type C Wall Charger 25W with Type C To C Cable MOP 1050/-,Common Accessories,Chargers,Home Power Kit - Novus 25W + C to C Cable,Stuffcool,Commom,White,Universal,120,650.31,78037.2,,,,,,,78037.2,18,7023.35,7023.35,0,14046.7,"92,083.90",120,1799,,,,Online,2026-2027,,Online,Home Kit,,,0,29-Jun-26,,2026-06-29,259.1775,Bhiwandi1,31101.3
Jun,29-Jun-26,NE/B/01729/26-27,Sales - MH,Cocoblu Retail Limited,Online Stores,Cocoblu,,,5E6Y8C4B,29-Jun-26,WCNVS25CORG,Novus 25W Type C Fast Charger Orange,Common Accessories,Chargers,Novus 25W C,Stuffcool,Common,Orange,Universal,120,433.36,52003.2,,,,,,,52003.2,18,4680.29,4680.29,0,9360.58,"61,363.78",120,1399,,,,Online,2026-2027,,Online,Wall Charger,,,0,29-Jun-26,,2026-06-29,226.2482,Bhiwandi1,27149.784
Jun,29-Jun-26,NE/B/01729/26-27,Sales - MH,Cocoblu Retail Limited,Online Stores,Cocoblu,,,5E6Y8C4B,29-Jun-26,WCNVS25CBLU,Novus 25W Type C Fast Charger Blue,Common Accessories,Chargers,Novus 25W C,Stuffcool,Common,Blue,Universal,117,433.36,50703.12,,,,,,,50703.12,18,4563.28,4563.28,0,9126.56,"59,829.68",117,1399,,,,Online,2026-2027,,Online,Wall Charger,,,0,29-Jun-26,,2026-06-29,225.9513,Online,26436.3021
Jun,30-Jun-26,NE/B/01774/26-27,Sales - MH,Cocoblu Retail Limited,Online Stores,Cocoblu,,,461X7TNU,30-Jun-26,PBOMNIGOBLK,Omni Go 10000mAh 3 in 1 Magnetic Wireless Powerbank With Type C Cable,Common Accessories,Powerbank,Omni Go,Stuffcool,Common,Black,Universal,400,1441.75,576700,,,,,,,576700,18,51903,51903,0,103806,"6,80,506.00",400,2999,,,,Online,2026-2027,,Online,Magsafe Powerbank,,,0,30-Jun-26,,2026-06-30,876.64,Bhiwandi1,350656
Jun,30-Jun-26,NE/B/01775/26-27,Sales - MH,Cocoblu Retail Limited,Online Stores,Cocoblu,,,4KKCZLNP,30-Jun-26,PBGIGAMAXGRY,"Giga Max 25,000 mAh QCPD Powerbank With Type C Cable",Common Accessories,Powerbank,Giga Max,Stuffcool,Common,Grey,Universal,872,3284.1,2863735.2,,,,,,,2863735.2,18,257736.17,257736.17,0,515472.34,"33,79,207.54",872,5999,,,,Online,2026-2027,,Online,Laptop Powerbank,,,0,30-Jun-26,,2026-06-30,2145.9899,Online,1871303.193
Jun,30-Jun-26,NE/B/01775/26-27,Sales - MH,Cocoblu Retail Limited,Online Stores,Cocoblu,,,4KKCZLNP,30-Jun-26,QUADPROBLK,Quad 4 In 1 Cable 60W -- 1.5 Mtr,Common Accessories,Cables,Quad Pro Cable,Stuffcool,Common,Black,Universal,77,355.42,27367.34,,,,,,,27367.34,18,2463.06,2463.06,0,4926.12,"32,293.46",77,2999,,,,Online,2026-2027,,Online,Multi Cable,,,0,30-Jun-26,,2026-06-30,281.9374,Bhiwandi1,21709.1798
Jul,13-Jul-26,NE/B/02046/26-27,Sales - MH,Cocoblu Retail Limited,Online Stores,Cocoblu,,,1R54FXPP,13-Jul-26,WCNUMEN65WHT,Numen 65 3 Port Wall Charger 2 Type C-PD + USB A White,Common Accessories,Chargers,Numen 65W,Stuffcool,Common,White,Universal,132,1138.44,150274.08,,,,,,,150274.08,18,13524.67,13524.67,0,27049.34,"1,77,323.42",132,2499,,,,Online,2026-2027,,Online,Wall Charger,,,0,13-Jul-26,,2026-07-13,572.5901,Bhiwandi1,75581.8932
Jul,13-Jul-26,NE/B/02046/26-27,Sales - MH,Cocoblu Retail Limited,Online Stores,Cocoblu,,,1R54FXPP,13-Jul-26,PBROAM20WHT,"Roam Plus  20,000 mAh QCPD powerbank",Common Accessories,Powerbank,Roam Plus,Stuffcool,Common,White,Universal,70,1067.2,74704,,,,,,,74704,18,6723.36,6723.36,0,13446.72,"88,150.72",70,3499,,,,Online,2026-2027,,Online,QCPD Powerbank,,,0,13-Jul-26,,2026-07-13,790.49,Bhiwandi1,55334.3
Jul,13-Jul-26,NE/B/02046/26-27,Sales - MH,Cocoblu Retail Limited,Online Stores,Cocoblu,,,1R54FXPP,13-Jul-26,PBROAM10WHT,"Roam 10,000 mAh QCPD powerbank",Common Accessories,Powerbank,Roam,Stuffcool,Common,White,Universal,18,889.24,16006.32,,,,,,,16006.32,18,1440.57,1440.57,0,2881.14,"18,887.46",18,2999,,,,Online,2026-2027,,Online,QCPD Powerbank,,,0,13-Jul-26,,2026-07-13,477.03,Bhiwandi1,8586.54
Jul,13-Jul-26,NE/B/02047/26-27,Sales - MH,Cocoblu Retail Limited,Online Stores,Cocoblu,,,2DJMP9CW,13-Jul-26,PBGIGAMAXGRY,"Giga Max 25,000 mAh QCPD Powerbank With Type C Cable",Common Accessories,Powerbank,Giga Max,Stuffcool,Common,Grey,Universal,809,3284.1,2656836.9,,,,,,,2656836.9,18,239115.32,239115.32,0,478230.64,"31,35,067.54",809,5999,,,,Online,2026-2027,,Online,Laptop Powerbank,,,0,13-Jul-26,,2026-07-13,2145.9899,Bhiwandi1,1736105.829
Jul,13-Jul-26,NE/B/02048/26-27,Sales - MH,Cocoblu Retail Limited,Online Stores,Cocoblu,,,2DJMP9CW,13-Jul-26,PBGIGAGRY,65W- 20000 mAh QCPD Powerbank With Type C Cable,Common Accessories,Powerbank,Giga,Stuffcool,Common,Grey,Universal,489,2474.95,1210250.55,,,,,,,1210250.55,18,108922.55,108922.55,0,217845.1,"14,28,095.65",489,4999,,,,Online,2026-2027,,Online,Laptop Powerbank,,,0,13-Jul-26,,2026-07-13,1607.4452,Bhiwandi1,786040.7028
Jul,13-Jul-26,NE/B/02048/26-27,Sales - MH,Cocoblu Retail Limited,Online Stores,Cocoblu,,,2DJMP9CW,13-Jul-26,PBROAM20WHT,"Roam Plus  20,000 mAh QCPD powerbank",Common Accessories,Powerbank,Roam Plus,Stuffcool,Common,White,Universal,62,1067.2,66166.4,,,,,,,66166.4,18,5954.98,5954.98,0,11909.96,"78,076.36",62,3499,,,,Online,2026-2027,,Online,QCPD Powerbank,,,0,13-Jul-26,,2026-07-13,790.49,Bhiwandi1,49010.38
Jul,13-Jul-26,NE/B/02048/26-27,Sales - MH,Cocoblu Retail Limited,Online Stores,Cocoblu,,,2DJMP9CW,13-Jul-26,PBROAM10WHT,"Roam 10,000 mAh QCPD powerbank",Common Accessories,Powerbank,Roam,Stuffcool,Common,White,Universal,37,889.24,32901.88,,,,,,,32901.88,18,2961.17,2961.17,0,5922.34,"38,824.22",37,2999,,,,Online,2026-2027,,Online,QCPD Powerbank,,,0,13-Jul-26,,2026-07-13,477.03,Bhiwandi1,17650.11
Jul,13-Jul-26,NE/B/02049/26-27,Sales - MH,Cocoblu Retail Limited,Online Stores,Cocoblu,,,461X7TNU,13-Jul-26,PBOMNIIVRY,Omni 10000mAh 3 in 1 Magnetic Wireless Powerbank,Common Accessories,Powerbank,Omni,Stuffcool,Common,Ivory,Universal,200,1692.59,338518,,,,,,,338518,18,30466.62,30466.62,0,60933.24,"3,99,451.24",200,3499,,,,Online,2026-2027,,Online,Magsafe Powerbank,,,0,13-Jul-26,,2026-07-13,923.61,Bhiwandi1,184722
Jul,13-Jul-26,NE/B/02049/26-27,Sales - MH,Cocoblu Retail Limited,Online Stores,Cocoblu,,,461X7TNU,13-Jul-26,WCNUMEN65CWHT,Numen 65W C Charger With SFC 3.0 & AVS Single C Port,Common Accessories,Chargers,Numen 65 C,Stuffcool,Common,White,Universal,150,867.25,130087.5,,,,,,,130087.5,18,11707.88,11707.88,0,23415.76,"1,53,503.26",150,1999,,,,Online,2026-2027,,Online,Wall Charger,,,0,13-Jul-26,,2026-07-13,528.11,Bhiwandi1,79216.5
Jul,13-Jul-26,NE/B/02050/26-27,Sales - MH,Cocoblu Retail Limited,Online Stores,Cocoblu,,,4VEYOZMX,13-Jul-26,PBODINSIL,"Odin 10,000 mAh Magnetic Qi2 Wireless Powerbank With Type C Cable",Common Accessories,Powerbank,ODIN,Stuffcool,Common,Sliver,Universal,248,2382.42,590840.16,,,,,,,590840.16,18,53175.61,53175.61,0,106351.22,"6,97,191.38",248,4499,,,,Online,2026-2027,,Online,Magsafe Powerbank,,,0,13-Jul-26,,2026-07-13,1572.6102,Bhiwandi1,390007.3296
Jul,13-Jul-26,NE/B/02050/26-27,Sales - MH,Cocoblu Retail Limited,Online Stores,Cocoblu,,,4VEYOZMX,13-Jul-26,WCNUMEN65WHT,Numen 65 3 Port Wall Charger 2 Type C-PD + USB A White,Common Accessories,Chargers,Numen 65W,Stuffcool,Common,White,Universal,154,1138.44,175319.76,,,,,,,175319.76,18,15778.78,15778.78,0,31557.56,"2,06,877.32",154,2499,,,,Online,2026-2027,,Online,Wall Charger,,,0,13-Jul-26,,2026-07-13,572.5901,Bhiwandi1,88178.8754
Jul,13-Jul-26,NE/B/02050/26-27,Sales - MH,Cocoblu Retail Limited,Online Stores,Cocoblu,,,4VEYOZMX,13-Jul-26,PBLUCIDPLUSWHT,10000 mAh Magnetic Wireless Powerbank,Common Accessories,Powerbank,Lucid Plus,Stuffcool,Common,White,Universal,59,1779.07,104965.13,,,,,,,104965.13,18,9446.86,9446.86,0,18893.72,"1,23,858.85",59,3999,,,,Online,2026-2027,,Online,Magsafe Powerbank,,,0,13-Jul-26,,2026-07-13,769.3101,Bhiwandi1,45389.2959
Jul,13-Jul-26,NE/B/02050/26-27,Sales - MH,Cocoblu Retail Limited,Online Stores,Cocoblu,,,4VEYOZMX,13-Jul-26,WCNMDIIWHT,Nomad II -Multi Port Fast Charger With World Travel Plugs,Common Accessories,Chargers,Multi Port Fast Charger With World Travel Plugs,Stuffcool,Common,White,Universal,51,2168.95,110616.45,,,,,,,110616.45,18,9955.48,9955.48,0,19910.96,"1,30,527.41",51,4999,,,,Online,2026-2027,,Online,Wall Charger,,,0,13-Jul-26,,2026-07-13,1438.4438,Bhiwandi1,73360.6338
Jul,13-Jul-26,NE/B/02052/26-27,Sales - MH,Cocoblu Retail Limited,Online Stores,Cocoblu,,,4Y5IURRF,13-Jul-26,PRIMUSBLK,USB4 Cable 1.8Mtr,Common Accessories,Cables,Primus,Stuffcool,Common,Black,Universal,210,465.68,97792.8,,,,,,,97792.8,18,8801.35,8801.35,0,17602.7,"1,15,395.50",210,2999,,,,Online,2026-2027,,Online,Cable,,,0,13-Jul-26,,2026-07-13,483.395,Bhiwandi1,101512.95
Jul,13-Jul-26,NE/B/02052/26-27,Sales - MH,Cocoblu Retail Limited,Online Stores,Cocoblu,,,4Y5IURRF,13-Jul-26,WCZENO30WWHT,Zeno Wall Charger USB-C port+Type C Cable 30W White,Common Accessories,Chargers,Zeno 30W,Stuffcool,Common,White,Universal,125,1084.42,135552.5,,,,,,,135552.5,18,12199.73,12199.73,0,24399.46,"1,59,951.96",125,2299,,,,Online,2026-2027,,Online,Wall Charger,,,0,13-Jul-26,,2026-07-13,509.28,Bhiwandi1,63660
Jul,13-Jul-26,NE/B/02052/26-27,Sales - MH,Cocoblu Retail Limited,Online Stores,Cocoblu,,,4Y5IURRF,13-Jul-26,PBROAM10WHT,"Roam 10,000 mAh QCPD powerbank",Common Accessories,Powerbank,Roam,Stuffcool,Common,White,Universal,68,889.24,60468.32,,,,,,,60468.32,18,5442.15,5442.15,0,10884.3,"71,352.62",68,2999,,,,Online,2026-2027,,Online,QCPD Powerbank,,,0,13-Jul-26,,2026-07-13,477.03,Bhiwandi1,32438.04
Jul,13-Jul-26,NE/B/02052/26-27,Sales - MH,Cocoblu Retail Limited,Online Stores,Cocoblu,,,4Y5IURRF,13-Jul-26,WCJTPRO70WSIL,JetSet Pro - Four Port World Travel Adaptor Built In 70W Charger,Common Accessories,Chargers,World Travel Charger,Stuffcool,Common,Silver,Universal,29,1789.29,51889.41,,,,,,,51889.41,18,4670.05,4670.05,0,9340.1,"61,229.51",29,4999,,,,Online,2026-2027,,Online,Wall Charger,,,0,13-Jul-26,,2026-07-13,1050.58,Bhiwandi1,30466.82
Jul,13-Jul-26,NE/B/02053/26-27,Sales - MH,Cocoblu Retail Limited,Online Stores,Cocoblu,,,5HZLHNDR,13-Jul-26,WCEMP75SIL,Empire 75W Multiplug GAN Charger with World Travel Adapter,Common Accessories,Chargers,Empire,Stuffcool,Common,Silver,Universal,40,2168.95,86758,,,,,,,86758,18,7808.22,7808.22,0,15616.44,"1,02,374.44",40,4799,,,,Online,2026-2027,,Online,Wall Charger,,,0,13-Jul-26,,2026-07-13,1338.1576,Bhiwandi1,53526.304
Jul,13-Jul-26,NE/B/02053/26-27,Sales - MH,Cocoblu Retail Limited,Online Stores,Cocoblu,,,5HZLHNDR,13-Jul-26,PBROAM20WHT,"Roam Plus  20,000 mAh QCPD powerbank",Common Accessories,Powerbank,Roam Plus,Stuffcool,Common,White,Universal,28,1067.2,29881.6,,,,,,,29881.6,18,2689.34,2689.34,0,5378.68,"35,260.28",28,3499,,,,Online,2026-2027,,Online,QCPD Powerbank,,,0,13-Jul-26,,2026-07-13,790.49,Bhiwandi1,22133.72
Jul,13-Jul-26,NE/B/02060/26-27,Sales - MH,Cocoblu Retail Limited,Online Stores,Cocoblu,,,4Y5IURRF,13-Jul-26,WCNMDPROSIL,Nomad Pro 140W -Multi Port Fast Charger With World Travel Plugs,Common Accessories,Chargers,Nomad Pro,Stuffcool,Common,Silver,Universal,84,3253.69,273309.96,,,,,,,273309.96,18,24597.9,24597.9,0,49195.8,"3,22,505.76",84,6999,,,,Online,2026-2027,,Online,Wall Charger,,,0,13-Jul-26,,2026-07-13,2298.9246,Bhiwandi1,193109.6664
Jul,23-Jul-26,NE/B/02374/26-27,Sales - MH,Cocoblu Retail Limited,Online Stores,Cocoblu,,,461X7TNU,23-Jul-26,HKNUMEN65CCCWHT,Numen 65W C Charger With SFC 3.0 & AVS Single C Port With 100W C to C Cable,Common Accessories,Chargers,Numen 65C C to C Cable,Stuffcool,Common,White,Common,150,1084.2,162630,,,,,,,162630,18,14636.7,14636.7,0,29273.4,"1,91,903.40",150,2299,,,,Online,2026-2027,,Online,Wall Charger,,,0,23-Jul-26,,2026-07-23,611.61,Bhiwandi1,91741.5
Jul,23-Jul-26,NE/B/02376/26-27,Sales - MH,Cocoblu Retail Limited,Online Stores,Cocoblu,,,4L14E65U,23-Jul-26,PBGIGAMAXGRY,"Giga Max 25,000 mAh QCPD Powerbank With Type C Cable",Common Accessories,Powerbank,Giga Max,Stuffcool,Common,Grey,Universal,200,3284.1,656820,,,,,,,656820,18,59113.8,59113.8,0,118227.6,"7,75,047.60",200,5999,,,,Online,2026-2027,,Online,Laptop Powerbank,,,0,23-Jul-26,,2026-07-23,2145.9899,Bhiwandi1,429197.98
Jul,23-Jul-26,NE/B/02376/26-27,Sales - MH,Cocoblu Retail Limited,Online Stores,Cocoblu,,,4L14E65U,23-Jul-26,PBCLICK10TNM,10000mAh Magnetic Wireless Powerbank,Common Accessories,Powerbank,Click 10,Stuffcool,Common,Titanium,Universal,199,1185.85,235984.15,,,,,,,235984.15,18,21238.57,21238.57,0,42477.14,"2,78,461.29",199,2999,,,,Online,2026-2027,,Online,Magsafe Powerbank,,,0,23-Jul-26,,2026-07-23,749.8312,Bhiwandi1,149216.4088
Jul,23-Jul-26,NE/B/02376/26-27,Sales - MH,Cocoblu Retail Limited,Online Stores,Cocoblu,,,4L14E65U,23-Jul-26,HKNUMEN45CCCWHT,Numen 45 Single Port C PD Wall Charger with AVS with 100W C to C Cable,Common Accessories,Chargers,Numen 45 C to C Kit,Stuffcool,Common,White,Universal,50,921.49,46074.5,,,,,,,46074.5,18,4146.71,4146.71,0,8293.42,"54,367.92",50,1999,,,,Online,2026-2027,,Online,Home Kit,,,0,23-Jul-26,,2026-07-23,514.8358,Bhiwandi1,25741.79
Jul,23-Jul-26,NE/B/02376/26-27,Sales - MH,Cocoblu Retail Limited,Online Stores,Cocoblu,,,4L14E65U,23-Jul-26,WCNMDPROSIL,Nomad Pro 140W -Multi Port Fast Charger With World Travel Plugs,Common Accessories,Chargers,Nomad Pro,Stuffcool,Common,Silver,Universal,54,3253.69,175699.26,,,,,,,175699.26,18,15812.93,15812.93,0,31625.86,"2,07,325.12",54,6999,,,,Online,2026-2027,,Online,Wall Charger,,,0,23-Jul-26,,2026-07-23,2298.9246,Bhiwandi1,124141.9284
Jul,23-Jul-26,NE/B/02376/26-27,Sales - MH,Cocoblu Retail Limited,Online Stores,Cocoblu,,,4L14E65U,23-Jul-26,PRIMUS1BLK,Primus Type C to C Cable 240W with E-Marker Chip 1M Black,Common Accessories,Cables,Primus1,Stuffcool,Common,Black,Universal,47,605.3,28449.1,,,,,,,28449.1,18,2560.42,2560.42,0,5120.84,"33,569.94",47,2699,,,,Online,2026-2027,,Online,Cable,,,0,23-Jul-26,,2026-07-23,379.93,Bhiwandi1,17856.71
Jul,23-Jul-26,NE/B/02376/26-27,Sales - MH,Cocoblu Retail Limited,Online Stores,Cocoblu,,,4L14E65U,23-Jul-26,PBROAM20WHT,"Roam Plus  20,000 mAh QCPD powerbank",Common Accessories,Powerbank,Roam Plus,Stuffcool,Common,White,Universal,43,1067.2,45889.6,,,,,,,45889.6,18,4130.06,4130.06,0,8260.12,"54,149.72",43,3499,,,,Online,2026-2027,,Online,QCPD Powerbank,,,0,23-Jul-26,,2026-07-23,790.49,Bhiwandi1,33991.07
Jul,23-Jul-26,NE/B/02376/26-27,Sales - MH,Cocoblu Retail Limited,Online Stores,Cocoblu,,,4L14E65U,23-Jul-26,WCEMP75SIL,Empire 75W Multiplug GAN Charger with World Travel Adapter,Common Accessories,Chargers,Empire,Stuffcool,Common,Silver,Universal,26,2168.95,56392.7,,,,,,,56392.7,18,5075.34,5075.34,0,10150.68,"66,543.38",26,4799,,,,Online,2026-2027,,Online,Wall Charger,,,0,23-Jul-26,,2026-07-23,1338.1576,Bhiwandi1,34792.0976
Jul,23-Jul-26,NE/B/02376/26-27,Sales - MH,Cocoblu Retail Limited,Online Stores,Cocoblu,,,4L14E65U,23-Jul-26,PBMAVERICKBLK,"Mini 22.5W- 20,000 mAh QCPD Powerbank With Two Fast Charging Cable
",Common Accessories,Powerbank,"Maverick
","Stuffcool
","Common
","Black
","Universal
",26,1219.73,31712.98,,,,,,,31712.98,18,2854.17,2854.17,0,5708.34,"37,421.32",26,0,,,,Online,2026-2027,,Online,QCPD Powerbank,,,0,23-Jul-26,,2026-07-23,1003.7971,Bhiwandi1,26098.7246
Jul,23-Jul-26,NE/B/02376/26-27,Sales - MH,Cocoblu Retail Limited,Online Stores,Cocoblu,,,4L14E65U,23-Jul-26,PBROAM10WHT,"Roam 10,000 mAh QCPD powerbank",Common Accessories,Powerbank,Roam,Stuffcool,Common,White,Universal,18,889.24,16006.32,,,,,,,16006.32,18,1440.57,1440.57,0,2881.14,"18,887.46",18,2999,,,,Online,2026-2027,,Online,QCPD Powerbank,,,0,23-Jul-26,,2026-07-23,477.03,Bhiwandi1,8586.54
Jul,23-Jul-26,NE/B/02376/26-27,Sales - MH,Cocoblu Retail Limited,Online Stores,Cocoblu,,,4L14E65U,23-Jul-26,QUADPROMAXBLK,Quad  Pro Max 4 In 1 Cable 240W With E-Marker Chip 1.5M,Common Accessories,Cables,Quad Pro Max,Stuffcool,Common,Black,"Universal
",15,508.05,7620.75,,,,,,,7620.75,18,685.87,685.87,0,1371.74,"8,992.49",15,3999,,,,Online,2026-2027,,Online,Multi Cable,,,0,23-Jul-26,,2026-07-23,326.9067,Bhiwandi1,4903.6005
Jul,23-Jul-26,NE/B/02378/26-27,Sales - MH,Cocoblu Retail Limited,Online Stores,Cocoblu,,,4Y5IURRF,23-Jul-26,QUADPROMAXBLK,Quad  Pro Max 4 In 1 Cable 240W With E-Marker Chip 1.5M,Common Accessories,Cables,Quad Pro Max,Stuffcool,Common,Black,"Universal
",30,508.05,15241.5,,,,,,,15241.5,18,1371.74,1371.74,0,2743.48,"17,984.98",30,3999,,,,Online,2026-2027,,Online,Multi Cable,,,0,23-Jul-26,,2026-07-23,326.9067,Bhiwandi1,9807.201
Jul,23-Jul-26,NE/B/02378/26-27,Sales - MH,Cocoblu Retail Limited,Online Stores,Cocoblu,,,4Y5IURRF,23-Jul-26,ULTIMUS128BLK,Ultimus Universal Fast Car Charger 128W,Common Accessories,Chargers,Ultimus 128W,Stuffcool,Common,Black,Universal,18,1518.1,27325.8,,,,,,,27325.8,18,2459.32,2459.32,0,4918.64,"32,244.44",18,3499,,,,Online,2026-2027,,Online,Car Charger,,,0,23-Jul-26,,2026-07-23,801,Bhiwandi1,14418
Jul,23-Jul-26,NE/B/02378/26-27,Sales - MH,Cocoblu Retail Limited,Online Stores,Cocoblu,,,4Y5IURRF,23-Jul-26,WCEMP75SIL,Empire 75W Multiplug GAN Charger with World Travel Adapter,Common Accessories,Chargers,Empire,Stuffcool,Common,Silver,Universal,13,2168.95,28196.35,,,,,,,28196.35,18,2537.67,2537.67,0,5075.34,"33,271.69",13,4799,,,,Online,2026-2027,,Online,Wall Charger,,,0,23-Jul-26,,2026-07-23,1338.1576,Bhiwandi1,17396.0488
Jul,23-Jul-26,NE/B/02379/26-27,Sales - MH,Cocoblu Retail Limited,Online Stores,Cocoblu,,,5E6Y8C4B,23-Jul-26,PBOMNIPROSIL,"Omni Pro 10,000 mAh Magnetic Qi2.2 Wireless Powerbank",Common Accessories,Powerbank,Omni Pro,Stuffcool,Common,Silver,Universal,200,3134.97,626994,,,,,,,626994,18,56429.46,56429.46,0,112858.92,"7,39,852.92",200,5999,,,,Online,2026-2027,,Online,Magsafe Powerbank,,,0,23-Jul-26,,2026-07-23,1260.45,Bhiwandi1,252090
Jul,23-Jul-26,NE/B/02380/26-27,Sales - MH,Cocoblu Retail Limited,Online Stores,Cocoblu,,,5HZLHNDR,23-Jul-26,QUADPROMAXBLK,Quad  Pro Max 4 In 1 Cable 240W With E-Marker Chip 1.5M,Common Accessories,Cables,Quad Pro Max,Stuffcool,Common,Black,"Universal
",127,508.05,64522.35,,,,,,,64522.35,18,5807.01,5807.01,0,11614.02,"76,136.37",127,3999,,,,Online,2026-2027,,Online,Multi Cable,,,0,23-Jul-26,,2026-07-23,326.9067,Bhiwandi1,41517.1509
Jul,23-Jul-26,NE/B/02380/26-27,Sales - MH,Cocoblu Retail Limited,Online Stores,Cocoblu,,,5HZLHNDR,23-Jul-26,PRIMUS1BLK,Primus Type C to C Cable 240W with E-Marker Chip 1M Black,Common Accessories,Cables,Primus1,Stuffcool,Common,Black,Universal,33,605.3,19974.9,,,,,,,19974.9,18,1797.74,1797.74,0,3595.48,"23,570.38",33,2699,,,,Online,2026-2027,,Online,Cable,,,0,23-Jul-26,,2026-07-23,379.93,Bhiwandi1,12537.69
Jul,23-Jul-26,NE/B/02381/26-27,Sales - MH,Cocoblu Retail Limited,Online Stores,Cocoblu,,,6SW5KX8V,23-Jul-26,PBODINSIL,"Odin 10,000 mAh Magnetic Qi2 Wireless Powerbank With Type C Cable",Common Accessories,Powerbank,ODIN,Stuffcool,Common,Sliver,Universal,100,2382.42,238242,,,,,,,238242,18,21441.78,21441.78,0,42883.56,"2,81,125.56",100,4499,,,,Online,2026-2027,,Online,Magsafe Powerbank,,,0,23-Jul-26,,2026-07-23,1572.6102,Bhiwandi1,157261.02
Jul,23-Jul-26,NE/B/02381/26-27,Sales - MH,Cocoblu Retail Limited,Online Stores,Cocoblu,,,6SW5KX8V,23-Jul-26,WCNMDPROSIL,Nomad Pro 140W -Multi Port Fast Charger With World Travel Plugs,Common Accessories,Chargers,Nomad Pro,Stuffcool,Common,Silver,Universal,112,3253.69,364413.28,,,,,,,364413.28,18,32797.2,32797.2,0,65594.4,"4,30,007.68",112,6999,,,,Online,2026-2027,,Online,Wall Charger,,,0,23-Jul-26,,2026-07-23,2298.9246,Bhiwandi1,257479.5552
Jul,23-Jul-26,NE/B/02381/26-27,Sales - MH,Cocoblu Retail Limited,Online Stores,Cocoblu,,,6SW5KX8V,23-Jul-26,PBLUCIDPLUSWHT,10000 mAh Magnetic Wireless Powerbank,Common Accessories,Powerbank,Lucid Plus,Stuffcool,Common,White,Universal,57,1779.07,101406.99,,,,,,,101406.99,18,9126.63,9126.63,0,18253.26,"1,19,660.25",57,3999,,,,Online,2026-2027,,Online,Magsafe Powerbank,,,0,23-Jul-26,,2026-07-23,769.3101,Bhiwandi1,43850.6757
Jul,23-Jul-26,NE/B/02381/26-27,Sales - MH,Cocoblu Retail Limited,Online Stores,Cocoblu,,,6SW5KX8V,23-Jul-26,WCEMP75SIL,Empire 75W Multiplug GAN Charger with World Travel Adapter,Common Accessories,Chargers,Empire,Stuffcool,Common,Silver,Universal,52,2168.95,112785.4,,,,,,,112785.4,18,10150.69,10150.69,0,20301.38,"1,33,086.78",52,4799,,,,Online,2026-2027,,Online,Wall Charger,,,0,23-Jul-26,,2026-07-23,1338.1576,Bhiwandi1,69584.1952
Jul,23-Jul-26,NE/B/02381/26-27,Sales - MH,Cocoblu Retail Limited,Online Stores,Cocoblu,,,6SW5KX8V,23-Jul-26,WCNMDIIWHT,Nomad II -Multi Port Fast Charger With World Travel Plugs,Common Accessories,Chargers,Multi Port Fast Charger With World Travel Plugs,Stuffcool,Common,White,Universal,50,2168.95,108447.5,,,,,,,108447.5,18,9760.28,9760.28,0,19520.56,"1,27,968.06",50,4999,,,,Online,2026-2027,,Online,Wall Charger,,,0,23-Jul-26,,2026-07-23,1438.4438,Bhiwandi1,71922.19
Jul,23-Jul-26,NE/B/02381/26-27,Sales - MH,Cocoblu Retail Limited,Online Stores,Cocoblu,,,6SW5KX8V,23-Jul-26,QUADPROMAXBLK,Quad  Pro Max 4 In 1 Cable 240W With E-Marker Chip 1.5M,Common Accessories,Cables,Quad Pro Max,Stuffcool,Common,Black,"Universal
",23,508.05,11685.15,,,,,,,11685.15,18,1051.66,1051.66,0,2103.32,"13,788.47",23,3999,,,,Online,2026-2027,,Online,Multi Cable,,,0,23-Jul-26,,2026-07-23,326.9067,Bhiwandi1,7518.8541
Jul,23-Jul-26,NE/B/02381/26-27,Sales - MH,Cocoblu Retail Limited,Online Stores,Cocoblu,,,6SW5KX8V,23-Jul-26,ULTIMUS128BLK,Ultimus Universal Fast Car Charger 128W,Common Accessories,Chargers,Ultimus 128W,Stuffcool,Common,Black,Universal,15,1518.1,22771.5,,,,,,,22771.5,18,2049.44,2049.44,0,4098.88,"26,870.38",15,3499,,,,Online,2026-2027,,Online,Car Charger,,,0,23-Jul-26,,2026-07-23,801,Bhiwandi1,12015
Jul,31-Jul-26,NE/B/02547/26-27,Sales - MH,Cocoblu Retail Limited,Online Stores,Cocoblu,,,4Y5IURRF,31-Jul-26,PBGIGAGRY,65W- 20000 mAh QCPD Powerbank With Type C Cable,Common Accessories,Powerbank,Giga,Stuffcool,Common,Grey,Universal,100,2474.95,247495,,,,,,,247495,18,22274.55,22274.55,0,44549.1,"2,92,044.10",100,4999,,,,Online,2026-2027,,Online,Laptop Powerbank,,,0,1-Aug-26,,2026-07-31,1607.4452,Bhiwandi1,160744.52
Jul,31-Jul-26,NE/B/02547/26-27,Sales - MH,Cocoblu Retail Limited,Online Stores,Cocoblu,,,4Y5IURRF,31-Jul-26,WCZENO100WWHT,Zeno 100 3 Port desktop Charger With Retractable Type-C Cable 65W + Type C to C Cable White,Common Accessories,Chargers,Zeno 100W,Stuffcool,Common,White,Universal,8,2168.95,17351.6,,,,,,,17351.6,18,1561.64,1561.64,0,3123.28,"20,474.88",8,4299,,,,Online,2026-2027,,Online,Wall Charger,,,0,1-Aug-26,,2026-07-31,1540.0503,Bhiwandi1,12320.4024
Jul,31-Jul-26,NE/B/02548/26-27,Sales - MH,Cocoblu Retail Limited,Online Stores,Cocoblu,,,4L14E65U,31-Jul-26,HKNUMEN45CCCWHT,Numen 45 Single Port C PD Wall Charger with AVS with 100W C to C Cable,Common Accessories,Chargers,Numen 45 C to C Kit,Stuffcool,Common,White,Universal,50,921.49,46074.5,,,,,,,46074.5,18,4146.71,4146.71,0,8293.42,"54,367.92",50,1999,,,,Online,2026-2027,,Online,Home Kit,,,0,1-Aug-26,,2026-07-31,514.8358,Bhiwandi1,25741.79
Jul,31-Jul-26,NE/B/02548/26-27,Sales - MH,Cocoblu Retail Limited,Online Stores,Cocoblu,,,4L14E65U,31-Jul-26,WCZENO100WWHT,Zeno 100 3 Port desktop Charger With Retractable Type-C Cable 65W + Type C to C Cable White,Common Accessories,Chargers,Zeno 100W,Stuffcool,Common,White,Universal,9,2168.95,19520.55,,,,,,,19520.55,18,1756.85,1756.85,0,3513.7,"23,034.25",9,4299,,,,Online,2026-2027,,Online,Wall Charger,,,0,1-Aug-26,,2026-07-31,1540.0503,Bhiwandi1,13860.4527
Jul,31-Jul-26,NE/B/02548/26-27,Sales - MH,Cocoblu Retail Limited,Online Stores,Cocoblu,,,4L14E65U,31-Jul-26,ULTIMUS128BLK,Ultimus Universal Fast Car Charger 128W,Common Accessories,Chargers,Ultimus 128W,Stuffcool,Common,Black,Universal,8,1518.1,12144.8,,,,,,,12144.8,18,1093.03,1093.03,0,2186.06,"14,330.86",8,3499,,,,Online,2026-2027,,Online,Car Charger,,,0,1-Aug-26,,2026-07-31,801,Bhiwandi1,6408
Jul,31-Jul-26,NE/B/02549/26-27,Sales - MH,Cocoblu Retail Limited,Online Stores,Cocoblu,,,5HZLHNDR,31-Jul-26,WCNMDPROSIL,Nomad Pro 140W -Multi Port Fast Charger With World Travel Plugs,Common Accessories,Chargers,Nomad Pro,Stuffcool,Common,Silver,Universal,102,3253.69,331876.38,,,,,,,331876.38,18,29868.87,29868.87,0,59737.74,"3,91,614.12",102,6999,,,,Online,2026-2027,,Online,Wall Charger,,,0,1-Aug-26,,2026-07-31,2298.9246,Bhiwandi1,234490.3092
Jul,31-Jul-26,NE/B/02549/26-27,Sales - MH,Cocoblu Retail Limited,Online Stores,Cocoblu,,,5HZLHNDR,31-Jul-26,ULTIMUS128BLK,Ultimus Universal Fast Car Charger 128W,Common Accessories,Chargers,Ultimus 128W,Stuffcool,Common,Black,Universal,11,1518.1,16699.1,,,,,,,16699.1,18,1502.92,1502.92,0,3005.84,"19,704.94",11,3499,,,,Online,2026-2027,,Online,Car Charger,,,0,1-Aug-26,,2026-07-31,801,Bhiwandi1,8811
Jul,31-Jul-26,NE/B/02550/26-27,Sales - MH,Cocoblu Retail Limited,Online Stores,Cocoblu,,,6SW5KX8V,31-Jul-26,PBODINSIL,"Odin 10,000 mAh Magnetic Qi2 Wireless Powerbank With Type C Cable",Common Accessories,Powerbank,ODIN,Stuffcool,Common,Sliver,Universal,244,2382.42,581310.48,,,,,,,581310.48,18,52317.94,52317.94,0,104635.88,"6,85,946.36",244,4499,,,,Online,2026-2027,,Online,Magsafe Powerbank,,,0,1-Aug-26,,2026-07-31,1572.6102,Bhiwandi1,383716.8888
Jul,31-Jul-26,NE/B/02550/26-27,Sales - MH,Cocoblu Retail Limited,Online Stores,Cocoblu,,,6SW5KX8V,31-Jul-26,ULTIMUS128BLK,Ultimus Universal Fast Car Charger 128W,Common Accessories,Chargers,Ultimus 128W,Stuffcool,Common,Black,Universal,15,1518.1,22771.5,,,,,,,22771.5,18,2049.44,2049.44,0,4098.88,"26,870.38",15,3499,,,,Online,2026-2027,,Online,Car Charger,,,0,1-Aug-26,,2026-07-31,801,Bhiwandi1,12015
Jul,31-Jul-26,NE/B/02553/26-27,Sales - MH,Cocoblu Retail Limited,Online Stores,Cocoblu,,,1SLIAR7W,31-Jul-26,PRIMUS1BLK,Primus Type C to C Cable 240W with E-Marker Chip 1M Black,Common Accessories,Cables,Primus1,Stuffcool,Common,Black,Universal,343,605.3,207617.9,,,,,,,207617.9,18,18685.61,18685.61,0,37371.22,"2,44,989.12",343,2699,,,,Online,2026-2027,,Online,Cable,,,0,1-Aug-26,,2026-07-31,379.93,Bhiwandi1,130315.99
Jul,31-Jul-26,NE/B/02553/26-27,Sales - MH,Cocoblu Retail Limited,Online Stores,Cocoblu,,,1SLIAR7W,31-Jul-26,WCNMDPROSIL,Nomad Pro 140W -Multi Port Fast Charger With World Travel Plugs,Common Accessories,Chargers,Nomad Pro,Stuffcool,Common,Silver,Universal,184,3253.69,598678.96,,,,,,,598678.96,18,53881.11,53881.11,0,107762.22,"7,06,441.18",184,6999,,,,Online,2026-2027,,Online,Wall Charger,,,0,1-Aug-26,,2026-07-31,2298.9246,Bhiwandi1,423002.1264
Jul,31-Jul-26,NE/B/02553/26-27,Sales - MH,Cocoblu Retail Limited,Online Stores,Cocoblu,,,1SLIAR7W,31-Jul-26,WCNUMEN45PROWHT,Numen 45 Pro Dual Port C+C PD Wall Charger with AVS,Common Accessories,Chargers,Numen 45 Pro,Stuffcool,Common,White,Universal,162,867.25,140494.5,,,,,,,140494.5,18,12644.51,12644.51,0,25289.02,"1,65,783.52",162,1999,,,,Online,2026-2027,,Online,Wall Charger,,,0,1-Aug-26,,2026-07-31,542.8955,Bhiwandi1,87949.071
Jul,31-Jul-26,NE/B/02553/26-27,Sales - MH,Cocoblu Retail Limited,Online Stores,Cocoblu,,,1SLIAR7W,31-Jul-26,QUADPROMAXBLK,Quad  Pro Max 4 In 1 Cable 240W With E-Marker Chip 1.5M,Common Accessories,Cables,Quad Pro Max,Stuffcool,Common,Black,"Universal
",124,508.05,62998.2,,,,,,,62998.2,18,5669.84,5669.84,0,11339.68,"74,337.88",124,3999,,,,Online,2026-2027,,Online,Multi Cable,,,0,1-Aug-26,,2026-07-31,326.9067,Bhiwandi1,40536.4308
Jul,31-Jul-26,NE/B/02553/26-27,Sales - MH,Cocoblu Retail Limited,Online Stores,Cocoblu,,,1SLIAR7W,31-Jul-26,PBOMNIGOBLK,Omni Go 10000mAh 3 in 1 Magnetic Wireless Powerbank With Type C Cable,Common Accessories,Powerbank,Omni Go,Stuffcool,Common,Black,Universal,87,1441.75,125432.25,,,,,,,125432.25,18,11288.9,11288.9,0,22577.8,"1,48,010.05",87,2999,,,,Online,2026-2027,,Online,Magsafe Powerbank,,,0,1-Aug-26,,2026-07-31,876.64,Bhiwandi1,76267.68
Jul,31-Jul-26,NE/B/02553/26-27,Sales - MH,Cocoblu Retail Limited,Online Stores,Cocoblu,,,1SLIAR7W,31-Jul-26,WCNVS25CWHT,Novus 25W Type C Fast Charger,Common Accessories,Chargers,Novus 25W C,Stuffcool,Common,White,Universal,56,433.36,24268.16,,,,,,,24268.16,18,2184.13,2184.13,0,4368.26,"28,636.42",56,1399,,,,Online,2026-2027,,Online,Wall Charger,,,0,1-Aug-26,,2026-07-31,221.7498,Bhiwandi1,12417.9888
Jul,31-Jul-26,NE/B/02553/26-27,Sales - MH,Cocoblu Retail Limited,Online Stores,Cocoblu,,,1SLIAR7W,31-Jul-26,PBLUCIDPLUSWHT,10000 mAh Magnetic Wireless Powerbank,Common Accessories,Powerbank,Lucid Plus,Stuffcool,Common,White,Universal,36,1779.07,64046.52,,,,,,,64046.52,18,5764.19,5764.19,0,11528.38,"75,574.90",36,3999,,,,Online,2026-2027,,Online,Magsafe Powerbank,,,0,1-Aug-26,,2026-07-31,769.3101,Bhiwandi1,27695.1636
Jul,31-Jul-26,NE/B/02553/26-27,Sales - MH,Cocoblu Retail Limited,Online Stores,Cocoblu,,,1SLIAR7W,31-Jul-26,WCSFC65WSIL,So Far 3 Port Wall Charger 2 C +1 USB A 65W With AC Cord,Common Accessories,Chargers,So Far 65W Charger,Stuffcool,Common,Silver,Universal,34,1518.1,51615.4,,,,,,,51615.4,18,4645.39,4645.39,0,9290.78,"60,906.18",34,3499,,,,Online,2026-2027,,Online,Wall Charger,,,0,1-Aug-26,,2026-07-31,970.45,Bhiwandi1,32995.3
Jul,31-Jul-26,NE/B/02553/26-27,Sales - MH,Cocoblu Retail Limited,Online Stores,Cocoblu,,,1SLIAR7W,31-Jul-26,DUPLOBLK,Duplo 2 In 1 Cable 140W With E-Marker Chip 1.2M,Common Accessories,Cables,2 in 1 Duplo Cable,Stuffcool,Common,Black,Universal,33,698.69,23056.77,,,,,,,23056.77,18,2075.11,2075.11,0,4150.22,"27,206.99",33,1699,,,,Online,2026-2027,,Online,Multi Cable,,,0,1-Aug-26,,2026-07-31,382.475,Bhiwandi1,12621.675
Jul,31-Jul-26,NE/B/02553/26-27,Sales - MH,Cocoblu Retail Limited,Online Stores,Cocoblu,,,1SLIAR7W,31-Jul-26,WCEMP67WSIL,Empire 67W Multiplug GAN Charger with World Travel Adapter,Common Accessories,Chargers,Empire,Stuffcool,Common,Silver,Universal,26,1843.5,47931,,,,,,,47931,18,4313.79,4313.79,0,8627.58,"56,558.58",26,4499,,,,Online,2026-2027,,Online,Wall Charger,,,0,1-Aug-26,,2026-07-31,1210,Bhiwandi1,31460
Jul,31-Jul-26,NE/B/02553/26-27,Sales - MH,Cocoblu Retail Limited,Online Stores,Cocoblu,,,1SLIAR7W,31-Jul-26,PBROAM10WHT,"Roam 10,000 mAh QCPD powerbank",Common Accessories,Powerbank,Roam,Stuffcool,Common,White,Universal,21,889.24,18674.04,,,,,,,18674.04,18,1680.66,1680.66,0,3361.32,"22,035.36",21,2999,,,,Online,2026-2027,,Online,QCPD Powerbank,,,0,1-Aug-26,,2026-07-31,477.03,Bhiwandi1,10017.63
Jul,31-Jul-26,NE/B/02553/26-27,Sales - MH,Cocoblu Retail Limited,Online Stores,Cocoblu,,,1SLIAR7W,31-Jul-26,WCNMDIIWHT,Nomad II -Multi Port Fast Charger With World Travel Plugs,Common Accessories,Chargers,Multi Port Fast Charger With World Travel Plugs,Stuffcool,Common,White,Universal,16,2168.95,34703.2,,,,,,,34703.2,18,3123.29,3123.29,0,6246.58,"40,949.78",16,4999,,,,Online,2026-2027,,Online,Wall Charger,,,0,1-Aug-26,,2026-07-31,1438.4438,Bhiwandi1,23015.1008
Jul,31-Jul-26,NE/B/02553/26-27,Sales - MH,Cocoblu Retail Limited,Online Stores,Cocoblu,,,1SLIAR7W,31-Jul-26,WCEMP75SIL,Empire 75W Multiplug GAN Charger with World Travel Adapter,Common Accessories,Chargers,Empire,Stuffcool,Common,Silver,Universal,13,2168.95,28196.35,,,,,,,28196.35,18,2537.67,2537.67,0,5075.34,"33,271.69",13,4799,,,,Online,2026-2027,,Online,Wall Charger,,,0,1-Aug-26,,2026-07-31,1338.1576,Bhiwandi1,17396.0488
Jul,31-Jul-26,NE/B/02553/26-27,Sales - MH,Cocoblu Retail Limited,Online Stores,Cocoblu,,,1SLIAR7W,31-Jul-26,ULTIMUS128BLK,Ultimus Universal Fast Car Charger 128W,Common Accessories,Chargers,Ultimus 128W,Stuffcool,Common,Black,Universal,9,1518.1,13662.9,,,,,,,13662.9,18,1229.66,1229.66,0,2459.32,"16,122.22",9,3499,,,,Online,2026-2027,,Online,Car Charger,,,0,1-Aug-26,,2026-07-31,801,Bhiwandi1,7209
Jul,31-Jul-26,NE/B/02554/26-27,Sales - MH,Cocoblu Retail Limited,Online Stores,Cocoblu,,,1SLIAR7W,31-Jul-26,PBGIGAMAXGRY,"Giga Max 25,000 mAh QCPD Powerbank With Type C Cable",Common Accessories,Powerbank,Giga Max,Stuffcool,Common,Grey,Universal,765,3284.1,2512336.5,,,,,,,2512336.5,18,226110.29,226110.29,0,452220.58,"29,64,557.08",765,5999,,,,Online,2026-2027,,Online,Laptop Powerbank,,,0,1-Aug-26,,2026-07-31,2145.9899,Bhiwandi1,1641682.274
Jul,31-Jul-26,NE/B/02556/26-27,Sales - MH,Cocoblu Retail Limited,Online Stores,Cocoblu,,,1SLIAR7W,31-Jul-26,PBMAVERICKBLK,"Mini 22.5W- 20,000 mAh QCPD Powerbank With Two Fast Charging Cable
",Common Accessories,Powerbank,"Maverick
","Stuffcool
","Common
","Black
","Universal
",880,1219.73,1073362.4,,,,,,,1073362.4,18,96602.62,96602.62,0,193205.24,"12,66,567.64",880,0,,,,Online,2026-2027,,Online,QCPD Powerbank,,,0,1-Aug-26,,2026-07-31,1003.7971,Bhiwandi1,883341.448
Jul,31-Jul-26,NE/B/02568/26-27,Sales - MH,Cocoblu Retail Limited,Online Stores,Cocoblu,,,1SLIAR7W,31-Jul-26,PBMAVERICKBLK,"Mini 22.5W- 20,000 mAh QCPD Powerbank With Two Fast Charging Cable
",Common Accessories,Powerbank,"Maverick
","Stuffcool
","Common
","Black
","Universal
",500,1219.73,609865,,,,,,,609865,18,54887.85,54887.85,0,109775.7,"7,19,640.70",500,0,,,,Online,2026-2027,,Online,QCPD Powerbank,,,0,1-Aug-26,,2026-07-31,1003.7971,Bhiwandi1,501898.55
Jul,31-Jul-26,NE/B/02569/26-27,Sales - MH,Cocoblu Retail Limited,Online Stores,Cocoblu,,,4L14E65U,31-Jul-26,PRIMUSBLK,USB4 Cable 1.8Mtr,Common Accessories,Cables,Primus,Stuffcool,Common,Black,Universal,800,465.68,372544,,,,,,,372544,18,33528.96,33528.96,0,67057.92,"4,39,601.92",800,2999,,,,Online,2026-2027,,Online,Cable,,,0,1-Aug-26,,2026-07-31,483.395,Bhiwandi1,386716
Aug,5-Aug-26,NE/B/02666/26-27,Sales - MH,Cocoblu Retail Limited,Online Stores,Cocoblu,,,39VRVKCF,5-Aug-26,PBMAJORULTRASIL,65W- 20000 mAh QCPD Powerbank,Common Accessories,Powerbank,"65W- 20000 mAh QCPD Powerbank
","Stuffcool
","Common
","Silver
","Universal
",100,1601.1,160110,,,,,,,160110,18,14409.9,14409.9,0,28819.8,"1,88,929.80",100,4999,,,,Online,2026-2027,,Online,Laptop Powerbank,,,0,5-Aug-26,,2026-08-05,1354.195,Bhiwandi1,135419.5
Aug,5-Aug-26,NE/B/02666/26-27,Sales - MH,Cocoblu Retail Limited,Online Stores,Cocoblu,,,39VRVKCF,5-Aug-26,WCNUMEN65WHT,Numen 65 3 Port Wall Charger 2 Type C-PD + USB A White,Common Accessories,Chargers,Numen 65W,Stuffcool,Common,White,Universal,150,1138.44,170766,,,,,,,170766,18,15368.94,15368.94,0,30737.88,"2,01,503.88",150,2499,,,,Online,2026-2027,,Online,Wall Charger,,,0,5-Aug-26,,2026-08-05,572.5901,Bhiwandi1,85888.515
Aug,5-Aug-26,NE/B/02666/26-27,Sales - MH,Cocoblu Retail Limited,Online Stores,Cocoblu,,,39VRVKCF,5-Aug-26,WCNMDPROSIL,Nomad Pro 140W -Multi Port Fast Charger With World Travel Plugs,Common Accessories,Chargers,Nomad Pro,Stuffcool,Common,Silver,Universal,54,3253.69,175699.26,,,,,,,175699.26,18,15812.93,15812.93,0,31625.86,"2,07,325.12",54,6999,,,,Online,2026-2027,,Online,Wall Charger,,,0,5-Aug-26,,2026-08-05,2298.9246,Bhiwandi1,124141.9284
Aug,5-Aug-26,NE/B/02666/26-27,Sales - MH,Cocoblu Retail Limited,Online Stores,Cocoblu,,,39VRVKCF,5-Aug-26,PBROAM10WHT,"Roam 10,000 mAh QCPD powerbank",Common Accessories,Powerbank,Roam,Stuffcool,Common,White,Universal,24,889.24,21341.76,,,,,,,21341.76,18,1920.76,1920.76,0,3841.52,"25,183.28",24,2999,,,,Online,2026-2027,,Online,QCPD Powerbank,,,0,5-Aug-26,,2026-08-05,477.03,Bhiwandi1,11448.72
Aug,5-Aug-26,NE/B/02666/26-27,Sales - MH,Cocoblu Retail Limited,Online Stores,Cocoblu,,,39VRVKCF,5-Aug-26,PBROAM20WHT,"Roam Plus  20,000 mAh QCPD powerbank",Common Accessories,Powerbank,Roam Plus,Stuffcool,Common,White,Universal,6,1067.2,6403.2,,,,,,,6403.2,18,576.29,576.29,0,1152.58,"7,555.78",6,3499,,,,Online,2026-2027,,Online,QCPD Powerbank,,,0,5-Aug-26,,2026-08-05,790.49,Bhiwandi1,4742.94
Aug,5-Aug-26,NE/B/02668/26-27,Sales - MH,Cocoblu Retail Limited,Online Stores,Cocoblu,,,4Y5IURRF,5-Aug-26,PBMAJORULTRASIL,65W- 20000 mAh QCPD Powerbank,Common Accessories,Powerbank,"65W- 20000 mAh QCPD Powerbank
","Stuffcool
","Common
","Silver
","Universal
",587,1601.1,939845.7,,,,,,,939845.7,18,84586.11,84586.11,0,169172.22,"11,09,017.92",587,4999,,,,Online,2026-2027,,Online,Laptop Powerbank,,,0,5-Aug-26,,2026-08-05,1354.195,Bhiwandi1,794912.465
Aug,5-Aug-26,NE/B/02668/26-27,Sales - MH,Cocoblu Retail Limited,Online Stores,Cocoblu,,,4Y5IURRF,5-Aug-26,PBROAM20WHT,"Roam Plus  20,000 mAh QCPD powerbank",Common Accessories,Powerbank,Roam Plus,Stuffcool,Common,White,Universal,8,1067.2,8537.6,,,,,,,8537.6,18,768.38,768.38,0,1536.76,"10,074.36",8,3499,,,,Online,2026-2027,,Online,QCPD Powerbank,,,0,5-Aug-26,,2026-08-05,790.49,Bhiwandi1,6323.92
Aug,5-Aug-26,NE/B/02669/26-27,Sales - MH,Cocoblu Retail Limited,Online Stores,Cocoblu,,,6SW5KX8V,5-Aug-26,WCJTPRO70WSIL,JetSet Pro - Four Port World Travel Adaptor Built In 70W Charger,Common Accessories,Chargers,World Travel Charger,Stuffcool,Common,Silver,Universal,46,1789.29,82307.34,,,,,,,82307.34,18,7407.66,7407.66,0,14815.32,"97,122.66",46,4999,,,,Online,2026-2027,,Online,Wall Charger,,,0,5-Aug-26,,2026-08-05,1050.58,Stock Hold,48326.68
Aug,13-Aug-26,NE/B/02829/26-27,Sales - MH,Cocoblu Retail Limited,Online Stores,Cocoblu,,,1SLIAR7W,13-Aug-26,PBMAVERICKBLK,"Mini 22.5W- 20,000 mAh QCPD Powerbank With Two Fast Charging Cable
",Common Accessories,Powerbank,"Maverick
","Stuffcool
","Common
","Black
","Universal
",150,1219.73,182959.5,,,,,,,182959.5,18,16466.36,16466.36,0,32932.72,"2,15,892.22",150,0,,,,Online,2026-2027,,Online,QCPD Powerbank,,,by tempo,13-Aug-26,,2026-08-13,1003.7971,Bhiwandi1,150569.565
Aug,13-Aug-26,NE/B/02829/26-27,Sales - MH,Cocoblu Retail Limited,Online Stores,Cocoblu,,,1SLIAR7W,13-Aug-26,HKNVS25CCWHT,Novus Kit Single Port Type C Wall Charger 25W with Type C To C Cable MOP 1050/-,Common Accessories,Chargers,Home Power Kit - Novus 25W + C to C Cable,Stuffcool,Commom,White,Universal,17,650.31,11055.27,,,,,,,11055.27,18,994.97,994.97,0,1989.94,"13,045.21",17,1799,,,,Online,2026-2027,,Online,Home Kit,,,by tempo,13-Aug-26,,2026-08-13,259.1775,Bhiwandi1,4406.0175
Aug,13-Aug-26,NE/B/02829/26-27,Sales - MH,Cocoblu Retail Limited,Online Stores,Cocoblu,,,1SLIAR7W,13-Aug-26,ULTIMUS128BLK,Ultimus Universal Fast Car Charger 128W,Common Accessories,Chargers,Ultimus 128W,Stuffcool,Common,Black,Universal,9,1518.1,13662.9,,,,,,,13662.9,18,1229.66,1229.66,0,2459.32,"16,122.22",9,3499,,,,Online,2026-2027,,Online,Car Charger,,,by tempo,13-Aug-26,,2026-08-13,801,Bhiwandi1,7209
Aug,13-Aug-26,NE/B/02831/26-27,Sales - MH,Cocoblu Retail Limited,Online Stores,Cocoblu,,,39VRVKCF,13-Aug-26,PRIMUSBLK,USB4 Cable 1.8Mtr,Common Accessories,Cables,Primus,Stuffcool,Common,Black,Universal,651,465.68,303157.68,,,,,,,303157.68,18,27284.19,27284.19,0,54568.38,"3,57,726.06",651,2999,,,,Online,2026-2027,,Online,Cable,,,by tempo,13-Aug-26,,2026-08-13,483.395,Bhiwandi1,314690.145
Aug,13-Aug-26,NE/B/02831/26-27,Sales - MH,Cocoblu Retail Limited,Online Stores,Cocoblu,,,39VRVKCF,13-Aug-26,QUADPROMAXBLK,Quad  Pro Max 4 In 1 Cable 240W With E-Marker Chip 1.5M,Common Accessories,Cables,Quad Pro Max,Stuffcool,Common,Black,"Universal
",132,508.05,67062.6,,,,,,,67062.6,18,6035.63,6035.63,0,12071.26,"79,133.86",132,3999,,,,Online,2026-2027,,Online,Multi Cable,,,by tempo,13-Aug-26,,2026-08-13,326.9067,Bhiwandi1,43151.6844
Aug,13-Aug-26,NE/B/02831/26-27,Sales - MH,Cocoblu Retail Limited,Online Stores,Cocoblu,,,39VRVKCF,13-Aug-26,PBCLICK10TNM,10000mAh Magnetic Wireless Powerbank,Common Accessories,Powerbank,Click 10,Stuffcool,Common,Titanium,Universal,50,1185.85,59292.5,,,,,,,59292.5,18,5336.33,5336.33,0,10672.66,"69,965.16",50,2999,,,,Online,2026-2027,,Online,Magsafe Powerbank,,,by tempo,13-Aug-26,,2026-08-13,749.8312,Bhiwandi1,37491.56
Aug,13-Aug-26,NE/B/02831/26-27,Sales - MH,Cocoblu Retail Limited,Online Stores,Cocoblu,,,39VRVKCF,13-Aug-26,HKNVS25CCORG,Novus Kit Single Port Type C Wall Charger 25W with Type C To C Cable Orange,Common Accessories,Chargers,Novus 25W Power Kit,Stuffcool,Common,Orange,Universal,50,650.31,32515.5,,,,,,,32515.5,18,2926.4,2926.4,0,5852.8,"38,368.30",50,1799,,,,Online,2026-2027,,Online,Home Kit,,,by tempo,13-Aug-26,,2026-08-13,272.5465,Online,13627.325
Aug,13-Aug-26,NE/B/02831/26-27,Sales - MH,Cocoblu Retail Limited,Online Stores,Cocoblu,,,39VRVKCF,13-Aug-26,WCNVS25CORG,Novus 25W Type C Fast Charger Orange,Common Accessories,Chargers,Novus 25W C,Stuffcool,Common,Orange,Universal,42,433.36,18201.12,,,,,,,18201.12,18,1638.1,1638.1,0,3276.2,"21,477.32",42,1399,,,,Online,2026-2027,,Online,Wall Charger,,,by tempo,13-Aug-26,,2026-08-13,226.2482,Online,9502.4244
Aug,13-Aug-26,NE/B/02831/26-27,Sales - MH,Cocoblu Retail Limited,Online Stores,Cocoblu,,,39VRVKCF,13-Aug-26,WCEMP75SIL,Empire 75W Multiplug GAN Charger with World Travel Adapter,Common Accessories,Chargers,Empire,Stuffcool,Common,Silver,Universal,24,2168.95,52054.8,,,,,,,52054.8,18,4684.93,4684.93,0,9369.86,"61,424.66",24,4799,,,,Online,2026-2027,,Online,Wall Charger,,,by tempo,13-Aug-26,,2026-08-13,1338.1576,Bhiwandi1,32115.7824
Aug,13-Aug-26,NE/B/02831/26-27,Sales - MH,Cocoblu Retail Limited,Online Stores,Cocoblu,,,39VRVKCF,13-Aug-26,PBLUCIDPLUSWHT,10000 mAh Magnetic Wireless Powerbank,Common Accessories,Powerbank,Lucid Plus,Stuffcool,Common,White,Universal,24,1779.07,42697.68,,,,,,,42697.68,18,3842.79,3842.79,0,7685.58,"50,383.26",24,3999,,,,Online,2026-2027,,Online,Magsafe Powerbank,,,by tempo,13-Aug-26,,2026-08-13,769.3101,Bhiwandi1,18463.4424
Aug,13-Aug-26,NE/B/02831/26-27,Sales - MH,Cocoblu Retail Limited,Online Stores,Cocoblu,,,39VRVKCF,13-Aug-26,PBOMNIGOBLK,Omni Go 10000mAh 3 in 1 Magnetic Wireless Powerbank With Type C Cable,Common Accessories,Powerbank,Omni Go,Stuffcool,Common,Black,Universal,23,1441.75,33160.25,,,,,,,33160.25,18,2984.42,2984.42,0,5968.84,"39,129.09",23,2999,,,,Online,2026-2027,,Online,Magsafe Powerbank,,,by tempo,13-Aug-26,,2026-08-13,876.64,Bhiwandi1,20162.72
Aug,13-Aug-26,NE/B/02831/26-27,Sales - MH,Cocoblu Retail Limited,Online Stores,Cocoblu,,,39VRVKCF,13-Aug-26,WCSFC65WSIL,So Far 3 Port Wall Charger 2 C +1 USB A 65W With AC Cord,Common Accessories,Chargers,So Far 65W Charger,Stuffcool,Common,Silver,Universal,18,1518.1,27325.8,,,,,,,27325.8,18,2459.32,2459.32,0,4918.64,"32,244.44",18,3499,,,,Online,2026-2027,,Online,Wall Charger,,,by tempo,13-Aug-26,,2026-08-13,970.45,Bhiwandi1,17468.1
Aug,13-Aug-26,NE/B/02831/26-27,Sales - MH,Cocoblu Retail Limited,Online Stores,Cocoblu,,,39VRVKCF,13-Aug-26,PRIMUS1BLK,Primus Type C to C Cable 240W with E-Marker Chip 1M Black,Common Accessories,Cables,Primus1,Stuffcool,Common,Black,Universal,17,605.3,10290.1,,,,,,,10290.1,18,926.11,926.11,0,1852.22,"12,142.32",17,2699,,,,Online,2026-2027,,Online,Cable,,,by tempo,13-Aug-26,,2026-08-13,379.93,Bhiwandi1,6458.81
Aug,13-Aug-26,NE/B/02831/26-27,Sales - MH,Cocoblu Retail Limited,Online Stores,Cocoblu,,,39VRVKCF,13-Aug-26,WCNMDIIWHT,Nomad II -Multi Port Fast Charger With World Travel Plugs,Common Accessories,Chargers,Multi Port Fast Charger With World Travel Plugs,Stuffcool,Common,White,Universal,16,2168.95,34703.2,,,,,,,34703.2,18,3123.29,3123.29,0,6246.58,"40,949.78",16,4999,,,,Online,2026-2027,,Online,Wall Charger,,,by tempo,13-Aug-26,,2026-08-13,1438.4438,Bhiwandi1,23015.1008
Aug,13-Aug-26,NE/B/02831/26-27,Sales - MH,Cocoblu Retail Limited,Online Stores,Cocoblu,,,39VRVKCF,13-Aug-26,WCNUMEN45PROWHT,Numen 45 Pro Dual Port C+C PD Wall Charger with AVS,Common Accessories,Chargers,Numen 45 Pro,Stuffcool,Common,White,Universal,10,867.25,8672.5,,,,,,,8672.5,18,780.53,780.53,0,1561.06,"10,233.56",10,1999,,,,Online,2026-2027,,Online,Wall Charger,,,by tempo,13-Aug-26,,2026-08-13,542.8955,Bhiwandi1,5428.955
Aug,13-Aug-26,NE/B/02832/26-27,Sales - MH,Cocoblu Retail Limited,Online Stores,Cocoblu,,,4L14E65U,13-Aug-26,PBGIGAMAXGRY,"Giga Max 25,000 mAh QCPD Powerbank With Type C Cable",Common Accessories,Powerbank,Giga Max,Stuffcool,Common,Grey,Universal,396,3284.1,1300503.6,,,,,,,1300503.6,18,117045.32,117045.32,0,234090.64,"15,34,594.24",396,5999,,,,Online,2026-2027,,Online,Laptop Powerbank,,,by tempo,13-Aug-26,,2026-08-13,2145.9899,Bhiwandi1,849812.0004
Aug,13-Aug-26,NE/B/02834/26-27,Sales - MH,Cocoblu Retail Limited,Online Stores,Cocoblu,,,4L14E65U,13-Aug-26,HKNUMEN45CCCWHT,Numen 45 Single Port C PD Wall Charger with AVS with 100W C to C Cable,Common Accessories,Chargers,Numen 45 C to C Kit,Stuffcool,Common,White,Universal,69,921.49,63582.81,,,,,,,63582.81,18,5722.45,5722.45,0,11444.9,"75,027.71",69,1999,,,,Online,2026-2027,,Online,Home Kit,,,by tempo,13-Aug-26,,2026-08-13,514.8358,Bhiwandi1,35523.6702
Aug,13-Aug-26,NE/B/02834/26-27,Sales - MH,Cocoblu Retail Limited,Online Stores,Cocoblu,,,4L14E65U,13-Aug-26,WCSFC65WSIL,So Far 3 Port Wall Charger 2 C +1 USB A 65W With AC Cord,Common Accessories,Chargers,So Far 65W Charger,Stuffcool,Common,Silver,Universal,26,1518.1,39470.6,,,,,,,39470.6,18,3552.35,3552.35,0,7104.7,"46,575.30",26,3499,,,,Online,2026-2027,,Online,Wall Charger,,,by tempo,13-Aug-26,,2026-08-13,970.45,Bhiwandi1,25231.7
Aug,13-Aug-26,NE/B/02834/26-27,Sales - MH,Cocoblu Retail Limited,Online Stores,Cocoblu,,,4L14E65U,13-Aug-26,PBLUCIDPLUSWHT,10000 mAh Magnetic Wireless Powerbank,Common Accessories,Powerbank,Lucid Plus,Stuffcool,Common,White,Universal,9,1779.07,16011.63,,,,,,,16011.63,18,1441.05,1441.05,0,2882.1,"18,893.73",9,3999,,,,Online,2026-2027,,Online,Magsafe Powerbank,,,by tempo,13-Aug-26,,2026-08-13,769.3101,Bhiwandi1,6923.7909
Aug,13-Aug-26,NE/B/02835/26-27,Sales - MH,Cocoblu Retail Limited,Online Stores,Cocoblu,,,6SW5KX8V,13-Aug-26,DUPLOBLK,Duplo 2 In 1 Cable 140W With E-Marker Chip 1.2M,Common Accessories,Cables,2 in 1 Duplo Cable,Stuffcool,Common,Black,Universal,21,698.69,14672.49,,,,,,,14672.49,18,1320.52,1320.52,0,2641.04,"17,313.53",21,1699,,,,Online,2026-2027,,Online,Multi Cable,,,by tempo,13-Aug-26,,2026-08-13,382.475,Bhiwandi1,8031.975
Aug,13-Aug-26,NE/B/02835/26-27,Sales - MH,Cocoblu Retail Limited,Online Stores,Cocoblu,,,6SW5KX8V,13-Aug-26,WCSFC65WSIL,So Far 3 Port Wall Charger 2 C +1 USB A 65W With AC Cord,Common Accessories,Chargers,So Far 65W Charger,Stuffcool,Common,Silver,Universal,16,1518.1,24289.6,,,,,,,24289.6,18,2186.06,2186.06,0,4372.12,"28,661.72",16,3499,,,,Online,2026-2027,,Online,Wall Charger,,,by tempo,13-Aug-26,,2026-08-13,970.45,Bhiwandi1,15527.2
Aug,22-Aug-26,NE/B/03009/26-27,Sales - MH,Cocoblu Retail Limited,Online Stores,Cocoblu,,,1SLIAR7W,22-Aug-26,PBCLICK10TNM,10000mAh Magnetic Wireless Powerbank,Common Accessories,Powerbank,Click 10,Stuffcool,Common,Titanium,Universal,300,1185.85,355755,,,,,,,355755,18,32017.95,32017.95,0,64035.9,"4,19,790.90",300,2999,,,,Online,2026-2027,,Online,Magsafe Powerbank,,,.,22-Aug-26,,2026-08-22,749.8312,Bhiwandi1,224949.36
Aug,22-Aug-26,NE/B/03010/26-27,Sales - MH,Cocoblu Retail Limited,Online Stores,Cocoblu,,,39VRVKCF,22-Aug-26,PBGIGAMAXGRY,"Giga Max 25,000 mAh QCPD Powerbank With Type C Cable",Common Accessories,Powerbank,Giga Max,Stuffcool,Common,Grey,Universal,118,3284.1,387523.8,,,,,,,387523.8,18,34877.14,34877.14,0,69754.28,"4,57,278.08",118,5999,,,,Online,2026-2027,,Online,Laptop Powerbank,,,.,22-Aug-26,,2026-08-22,2145.9899,Bhiwandi1,253226.8082
Aug,22-Aug-26,NE/B/03010/26-27,Sales - MH,Cocoblu Retail Limited,Online Stores,Cocoblu,,,39VRVKCF,22-Aug-26,WCNUMEN65WHT,Numen 65 3 Port Wall Charger 2 Type C-PD + USB A White,Common Accessories,Chargers,Numen 65W,Stuffcool,Common,White,Universal,33,1138.44,37568.52,,,,,,,37568.52,18,3381.17,3381.17,0,6762.34,"44,330.86",33,2499,,,,Online,2026-2027,,Online,Wall Charger,,,.,22-Aug-26,,2026-08-22,572.5901,Online,18895.4733
Aug,22-Aug-26,NE/B/03011/26-27,Sales - MH,Cocoblu Retail Limited,Online Stores,Cocoblu,,,4L14E65U,22-Aug-26,WCNMDIIWHT,Nomad II -Multi Port Fast Charger With World Travel Plugs,Common Accessories,Chargers,Multi Port Fast Charger With World Travel Plugs,Stuffcool,Common,White,Universal,1,2168.95,2168.95,,,,,,,2168.95,18,195.21,195.21,0,390.42,"2,559.37",1,4999,,,,Online,2026-2027,,Online,Wall Charger,,,.,22-Aug-26,,2026-08-22,1438.4438,Online,1438.4438
Aug,22-Aug-26,NE/B/03012/26-27,Sales - MH,Cocoblu Retail Limited,Online Stores,Cocoblu,,,53SMQFHQ,22-Aug-26,WCNUMEN65WHT,Numen 65 3 Port Wall Charger 2 Type C-PD + USB A White,Common Accessories,Chargers,Numen 65W,Stuffcool,Common,White,Universal,85,1138.44,96767.4,,,,,,,96767.4,18,8709.07,8709.07,0,17418.14,"1,14,185.54",85,2499,,,,Online,2026-2027,,Online,Wall Charger,,,.,22-Aug-26,,2026-08-22,572.5901,Bhiwandi1,48670.1585
Aug,22-Aug-26,NE/B/03012/26-27,Sales - MH,Cocoblu Retail Limited,Online Stores,Cocoblu,,,53SMQFHQ,22-Aug-26,PBROAM10WHT,"Roam 10,000 mAh QCPD powerbank",Common Accessories,Powerbank,Roam,Stuffcool,Common,White,Universal,37,889.24,32901.88,,,,,,,32901.88,18,2961.17,2961.17,0,5922.34,"38,824.22",37,2999,,,,Online,2026-2027,,Online,QCPD Powerbank,,,.,22-Aug-26,,2026-08-22,477.03,Bhiwandi1,17650.11
Aug,22-Aug-26,NE/B/03012/26-27,Sales - MH,Cocoblu Retail Limited,Online Stores,Cocoblu,,,53SMQFHQ,22-Aug-26,WCNMDIIWHT,Nomad II -Multi Port Fast Charger With World Travel Plugs,Common Accessories,Chargers,Multi Port Fast Charger With World Travel Plugs,Stuffcool,Common,White,Universal,27,2168.95,58561.65,,,,,,,58561.65,18,5270.55,5270.55,0,10541.1,"69,102.75",27,4999,,,,Online,2026-2027,,Online,Wall Charger,,,.,22-Aug-26,,2026-08-22,1438.4438,Bhiwandi1,38837.9826
Aug,22-Aug-26,NE/B/03013/26-27,Sales - MH,Cocoblu Retail Limited,Online Stores,Cocoblu,,,5OF8HBIC,22-Aug-26,PBGIGAMAXGRY,"Giga Max 25,000 mAh QCPD Powerbank With Type C Cable",Common Accessories,Powerbank,Giga Max,Stuffcool,Common,Grey,Universal,200,3284.1,656820,,,,,,,656820,18,59113.8,59113.8,0,118227.6,"7,75,047.60",200,5999,,,,Online,2026-2027,,Online,Laptop Powerbank,,,.,22-Aug-26,,2026-08-22,2145.9899,Bhiwandi1,429197.98
Aug,22-Aug-26,NE/B/03013/26-27,Sales - MH,Cocoblu Retail Limited,Online Stores,Cocoblu,,,5OF8HBIC,22-Aug-26,WCNUMEN65WHT,Numen 65 3 Port Wall Charger 2 Type C-PD + USB A White,Common Accessories,Chargers,Numen 65W,Stuffcool,Common,White,Universal,101,1138.44,114982.44,,,,,,,114982.44,18,10348.42,10348.42,0,20696.84,"1,35,679.28",101,2499,,,,Online,2026-2027,,Online,Wall Charger,,,.,22-Aug-26,,2026-08-22,572.5901,Bhiwandi1,57831.6001
Aug,22-Aug-26,NE/B/03013/26-27,Sales - MH,Cocoblu Retail Limited,Online Stores,Cocoblu,,,5OF8HBIC,22-Aug-26,PBROAM10WHT,"Roam 10,000 mAh QCPD powerbank",Common Accessories,Powerbank,Roam,Stuffcool,Common,White,Universal,40,889.24,35569.6,,,,,,,35569.6,18,3201.26,3201.26,0,6402.52,"41,972.12",40,2999,,,,Online,2026-2027,,Online,QCPD Powerbank,,,.,22-Aug-26,,2026-08-22,477.03,Bhiwandi1,19081.2
Aug,22-Aug-26,NE/B/03013/26-27,Sales - MH,Cocoblu Retail Limited,Online Stores,Cocoblu,,,5OF8HBIC,22-Aug-26,WCNMDIIWHT,Nomad II -Multi Port Fast Charger With World Travel Plugs,Common Accessories,Chargers,Multi Port Fast Charger With World Travel Plugs,Stuffcool,Common,White,Universal,5,2168.95,10844.75,,,,,,,10844.75,18,976.03,976.03,0,1952.06,"12,796.81",5,4999,,,,Online,2026-2027,,Online,Wall Charger,,,.,22-Aug-26,,2026-08-22,1438.4438,Bhiwandi1,7192.219
Aug,31-Aug-26,NE/B/03200/26-27,Sales - MH,Cocoblu Retail Limited,Online Stores,Cocoblu,,,39VRVKCF,31-Aug-26,WCZENO100WWHT,Zeno 100 3 Port desktop Charger With Retractable Type-C Cable 65W + Type C to C Cable White,Common Accessories,Chargers,Zeno 100W,Stuffcool,Common,White,Universal,1,2168.95,2168.95,,,,,,,2168.95,18,195.21,195.21,0,390.42,"2,559.37",1,4299,,,,Online,2026-2027,,Online,Wall Charger,,,0,1-Sep-26,,2026-08-31,1540.0503,Bhiwandi1,1540.0503
Aug,31-Aug-26,NE/B/03201/26-27,Sales - MH,Cocoblu Retail Limited,Online Stores,Cocoblu,,,53SMQFHQ,31-Aug-26,WCNMDPROSIL,Nomad Pro 140W -Multi Port Fast Charger With World Travel Plugs,Common Accessories,Chargers,Nomad Pro,Stuffcool,Common,Silver,Universal,100,3253.69,325369,,,,,,,325369,18,29283.21,29283.21,0,58566.42,"3,83,935.42",100,6999,,,,Online,2026-2027,,Online,Wall Charger,,,0,1-Sep-26,,2026-08-31,2298.9246,Bhiwandi1,229892.46
Aug,31-Aug-26,NE/B/03201/26-27,Sales - MH,Cocoblu Retail Limited,Online Stores,Cocoblu,,,53SMQFHQ,31-Aug-26,WCNVS25CWHT,Novus 25W Type C Fast Charger,Common Accessories,Chargers,Novus 25W C,Stuffcool,Common,White,Universal,66,433.36,28601.76,,,,,,,28601.76,18,2574.16,2574.16,0,5148.32,"33,750.08",66,1399,,,,Online,2026-2027,,Online,Wall Charger,,,0,1-Sep-26,,2026-08-31,221.7498,Bhiwandi1,14635.4868
Aug,31-Aug-26,NE/B/03201/26-27,Sales - MH,Cocoblu Retail Limited,Online Stores,Cocoblu,,,53SMQFHQ,31-Aug-26,PRIMUS1BLK,Primus Type C to C Cable 240W with E-Marker Chip 1M Black,Common Accessories,Cables,Primus1,Stuffcool,Common,Black,Universal,51,605.3,30870.3,,,,,,,30870.3,18,2778.33,2778.33,0,5556.66,"36,426.96",51,2699,,,,Online,2026-2027,,Online,Cable,,,0,1-Sep-26,,2026-08-31,379.93,Bhiwandi1,19376.43
Aug,31-Aug-26,NE/B/03201/26-27,Sales - MH,Cocoblu Retail Limited,Online Stores,Cocoblu,,,53SMQFHQ,31-Aug-26,HKNVS25CCORG,Novus Kit Single Port Type C Wall Charger 25W with Type C To C Cable Orange,Common Accessories,Chargers,Novus 25W Power Kit,Stuffcool,Common,Orange,Universal,28,650.31,18208.68,,,,,,,18208.68,18,1638.78,1638.78,0,3277.56,"21,486.24",28,1799,,,,Online,2026-2027,,Online,Home Kit,,,0,1-Sep-26,,2026-08-31,272.5465,Online,7631.302
Aug,31-Aug-26,NE/B/03201/26-27,Sales - MH,Cocoblu Retail Limited,Online Stores,Cocoblu,,,53SMQFHQ,31-Aug-26,WCSFC65WSIL,So Far 3 Port Wall Charger 2 C +1 USB A 65W With AC Cord,Common Accessories,Chargers,So Far 65W Charger,Stuffcool,Common,Silver,Universal,18,1518.1,27325.8,,,,,,,27325.8,18,2459.32,2459.32,0,4918.64,"32,244.44",18,3499,,,,Online,2026-2027,,Online,Wall Charger,,,0,1-Sep-26,,2026-08-31,970.45,Bhiwandi1,17468.1
Aug,31-Aug-26,NE/B/03201/26-27,Sales - MH,Cocoblu Retail Limited,Online Stores,Cocoblu,,,53SMQFHQ,31-Aug-26,WCZENO100WWHT,Zeno 100 3 Port desktop Charger With Retractable Type-C Cable 65W + Type C to C Cable White,Common Accessories,Chargers,Zeno 100W,Stuffcool,Common,White,Universal,1,2168.95,2168.95,,,,,,,2168.95,18,195.21,195.21,0,390.42,"2,559.37",1,4299,,,,Online,2026-2027,,Online,Wall Charger,,,0,1-Sep-26,,2026-08-31,1540.0503,Bhiwandi1,1540.0503
Aug,31-Aug-26,NE/B/03202/26-27,Sales - MH,Cocoblu Retail Limited,Online Stores,Cocoblu,,,5OF8HBIC,31-Aug-26,PBGIGAMAXGRY,"Giga Max 25,000 mAh QCPD Powerbank With Type C Cable",Common Accessories,Powerbank,Giga Max,Stuffcool,Common,Grey,Universal,200,3284.1,656820,,,,,,,656820,18,59113.8,59113.8,0,118227.6,"7,75,047.60",200,5999,,,,Online,2026-2027,,Online,Laptop Powerbank,,,0,1-Sep-26,,2026-08-31,2145.9899,Bhiwandi1,429197.98
Aug,31-Aug-26,NE/B/03202/26-27,Sales - MH,Cocoblu Retail Limited,Online Stores,Cocoblu,,,5OF8HBIC,31-Aug-26,PBODINSIL,"Odin 10,000 mAh Magnetic Qi2 Wireless Powerbank With Type C Cable",Common Accessories,Powerbank,ODIN,Stuffcool,Common,Sliver,Universal,100,2382.42,238242,,,,,,,238242,18,21441.78,21441.78,0,42883.56,"2,81,125.56",100,4499,,,,Online,2026-2027,,Online,Magsafe Powerbank,,,0,1-Sep-26,,2026-08-31,1572.6102,Bhiwandi1,157261.02
Aug,31-Aug-26,NE/B/03202/26-27,Sales - MH,Cocoblu Retail Limited,Online Stores,Cocoblu,,,5OF8HBIC,31-Aug-26,WCSFC65WSIL,So Far 3 Port Wall Charger 2 C +1 USB A 65W With AC Cord,Common Accessories,Chargers,So Far 65W Charger,Stuffcool,Common,Silver,Universal,24,1518.1,36434.4,,,,,,,36434.4,18,3279.1,3279.1,0,6558.2,"42,992.60",24,3499,,,,Online,2026-2027,,Online,Wall Charger,,,0,1-Sep-26,,2026-08-31,970.45,Bhiwandi1,23290.8
Aug,31-Aug-26,NE/B/03202/26-27,Sales - MH,Cocoblu Retail Limited,Online Stores,Cocoblu,,,5OF8HBIC,31-Aug-26,WCZENO100WWHT,Zeno 100 3 Port desktop Charger With Retractable Type-C Cable 65W + Type C to C Cable White,Common Accessories,Chargers,Zeno 100W,Stuffcool,Common,White,Universal,1,2168.95,2168.95,,,,,,,2168.95,18,195.21,195.21,0,390.42,"2,559.37",1,4299,,,,Online,2026-2027,,Online,Wall Charger,,,0,1-Sep-26,,2026-08-31,1540.0503,Bhiwandi1,1540.0503
Aug,31-Aug-26,NE/B/03203/26-27,Sales - MH,Cocoblu Retail Limited,Online Stores,Cocoblu,,,8Z6APQQC,31-Aug-26,PBMAJORULTRASIL,65W- 20000 mAh QCPD Powerbank,Common Accessories,Powerbank,"65W- 20000 mAh QCPD Powerbank
","Stuffcool
","Common
","Silver
","Universal
",100,1601.1,160110,,,,,,,160110,18,14409.9,14409.9,0,28819.8,"1,88,929.80",100,4999,,,,Online,2026-2027,,Online,Laptop Powerbank,,,0,1-Sep-26,,2026-08-31,1354.195,Bhiwandi1,135419.5
Aug,31-Aug-26,NE/B/03203/26-27,Sales - MH,Cocoblu Retail Limited,Online Stores,Cocoblu,,,8Z6APQQC,31-Aug-26,WCNUMEN65WHT,Numen 65 3 Port Wall Charger 2 Type C-PD + USB A White,Common Accessories,Chargers,Numen 65W,Stuffcool,Common,White,Universal,150,1138.44,170766,,,,,,,170766,18,15368.94,15368.94,0,30737.88,"2,01,503.88",150,2499,,,,Online,2026-2027,,Online,Wall Charger,,,0,1-Sep-26,,2026-08-31,572.5901,Online,85888.515
Aug,31-Aug-26,NE/B/03203/26-27,Sales - MH,Cocoblu Retail Limited,Online Stores,Cocoblu,,,8Z6APQQC,31-Aug-26,WCNUMEN65CWHT,Numen 65W C Charger With SFC 3.0 & AVS Single C Port,Common Accessories,Chargers,Numen 65 C,Stuffcool,Common,White,Universal,138,867.25,119680.5,,,,,,,119680.5,18,10771.25,10771.25,0,21542.5,"1,41,223.00",138,1999,,,,Online,2026-2027,,Online,Wall Charger,,,0,1-Sep-26,,2026-08-31,528.11,Bhiwandi1,72879.18
Aug,31-Aug-26,NE/B/03203/26-27,Sales - MH,Cocoblu Retail Limited,Online Stores,Cocoblu,,,8Z6APQQC,31-Aug-26,WCNUMEN45PROWHT,Numen 45 Pro Dual Port C+C PD Wall Charger with AVS,Common Accessories,Chargers,Numen 45 Pro,Stuffcool,Common,White,Universal,94,867.25,81521.5,,,,,,,81521.5,18,7336.94,7336.94,0,14673.88,"96,195.38",94,1999,,,,Online,2026-2027,,Online,Wall Charger,,,0,1-Sep-26,,2026-08-31,542.8955,Bhiwandi1,51032.177
Aug,31-Aug-26,NE/B/03203/26-27,Sales - MH,Cocoblu Retail Limited,Online Stores,Cocoblu,,,8Z6APQQC,31-Aug-26,WCNMDIIWHT,Nomad II -Multi Port Fast Charger With World Travel Plugs,Common Accessories,Chargers,Multi Port Fast Charger With World Travel Plugs,Stuffcool,Common,White,Universal,71,2168.95,153995.45,,,,,,,153995.45,18,13859.59,13859.59,0,27719.18,"1,81,714.63",71,4999,,,,Online,2026-2027,,Online,Wall Charger,,,0,1-Sep-26,,2026-08-31,1438.4438,Bhiwandi1,102129.5098
Aug,31-Aug-26,NE/B/03203/26-27,Sales - MH,Cocoblu Retail Limited,Online Stores,Cocoblu,,,8Z6APQQC,31-Aug-26,WCEMP75SIL,Empire 75W Multiplug GAN Charger with World Travel Adapter,Common Accessories,Chargers,Empire,Stuffcool,Common,Silver,Universal,45,2168.95,97602.75,,,,,,,97602.75,18,8784.25,8784.25,0,17568.5,"1,15,171.25",45,4799,,,,Online,2026-2027,,Online,Wall Charger,,,0,1-Sep-26,,2026-08-31,1338.1576,Bhiwandi1,60217.092
Aug,31-Aug-26,NE/B/03203/26-27,Sales - MH,Cocoblu Retail Limited,Online Stores,Cocoblu,,,8Z6APQQC,31-Aug-26,HKNVS25CCBLU,Novus Kit Single Port Type C Wall Charger 25W with Type C To C Cable Blue,Common Accessories,Chargers,Novus 25W Power Kit,Stuffcool,Common,Blue,Universal,14,650.31,9104.34,,,,,,,9104.34,18,819.39,819.39,0,1638.78,"10,743.12",14,1799,,,,Online,2026-2027,,Online,Home Kit,,,0,1-Sep-26,,2026-08-31,272.33,Online,3812.62
Aug,31-Aug-26,NE/B/03203/26-27,Sales - MH,Cocoblu Retail Limited,Online Stores,Cocoblu,,,8Z6APQQC,31-Aug-26,WCZENO100WWHT,Zeno 100 3 Port desktop Charger With Retractable Type-C Cable 65W + Type C to C Cable White,Common Accessories,Chargers,Zeno 100W,Stuffcool,Common,White,Universal,7,2168.95,15182.65,,,,,,,15182.65,18,1366.44,1366.44,0,2732.88,"17,915.53",7,4299,,,,Online,2026-2027,,Online,Wall Charger,,,0,1-Sep-26,,2026-08-31,1540.0503,Bhiwandi1,10780.3521